,molecule_chembl_id,pKi,mw,fsp3,n_lipinski_hba,n_lipinski_hbd,n_rings,n_hetero_atoms,n_heavy_atoms,n_rotatable_bonds,n_radical_electrons,tpsa,qed,clogp,sas,n_aliphatic_carbocycles,n_aliphatic_heterocyles,n_aliphatic_rings,n_aromatic_carbocycles,n_aromatic_heterocyles,n_aromatic_rings,n_saturated_carbocycles,n_saturated_heterocyles,n_saturated_rings
0,CHEMBL92460,7.26003230324049,320.18886338799996,0.38095238095238093,3,0,4,3,24,5,0,29.270000000000003,0.6837582485588242,4.6726000000000045,2.029694342451556,0,1,1,2,1,3,0,1,1
1,CHEMBL433379,8.110026361596004,334.20451345199996,0.4090909090909091,3,0,4,3,25,5,0,29.270000000000003,0.6587217555917901,4.981020000000005,2.134053107278513,0,1,1,2,1,3,0,1,1
2,CHEMBL188823,8.240030142445693,364.215078136,0.43478260869565216,4,0,4,4,27,6,0,38.50000000000001,0.6175645791603549,4.989620000000005,2.2570305382742433,0,1,1,2,1,3,0,1,1
3,CHEMBL94186,8.14002155835798,350.199428072,0.4090909090909091,4,0,4,4,26,6,0,38.50000000000001,0.646828867661836,4.681200000000005,2.139021497455669,0,1,1,2,1,3,0,1,1
4,CHEMBL93619,8.15002808767115,350.199428072,0.4090909090909091,4,0,4,4,26,6,0,38.5,0.646828867661836,4.681200000000004,2.176852066886239,0,1,1,2,1,3,0,1,1
5,CHEMBL92736,8.550059011226661,377.210327104,0.391304347826087,5,1,4,5,28,6,0,58.370000000000005,0.6803010500515037,4.631000000000004,2.2086962876270135,0,1,1,2,1,3,0,1,1
6,CHEMBL92955,7.849857838151442,475.19296278800005,0.2962962962962963,6,1,5,7,34,8,0,75.44,0.36554536815442723,5.473400000000005,2.3092932462691707,0,1,1,3,1,4,0,1,1
7,CHEMBL93936,9.100015437450608,405.241627232,0.48,5,0,5,5,30,6,0,41.74000000000001,0.60359416443472,4.509200000000004,2.3478263404304975,0,2,2,2,1,3,0,2,2
8,CHEMBL420625,7.700057099977233,335.19976242,0.38095238095238093,4,2,4,4,25,5,0,55.29,0.7080936278303641,4.254800000000004,2.216920466945874,0,1,1,2,1,3,0,1,1
9,CHEMBL330004,7.299988937677888,398.099375456,0.38095238095238093,3,0,4,4,25,5,0,29.270000000000003,0.5726304244392155,5.435100000000005,2.191080550105955,0,1,1,2,1,3,0,1,1
10,CHEMBL92775,7.0,345.184112356,0.36363636363636365,4,0,4,4,26,5,0,53.06,0.6808603457794097,4.544280000000004,2.2978027162368875,0,1,1,2,1,3,0,1,1
11,CHEMBL92663,8.059981844992336,363.19467704,0.36363636363636365,5,2,4,5,27,6,0,72.36000000000001,0.7234518236914199,3.771500000000003,2.2273822422664526,0,1,1,2,1,3,0,1,1
12,CHEMBL93241,6.050000457140078,334.20451345199996,0.4090909090909091,3,0,4,3,25,6,0,29.270000000000003,0.630594362331588,5.062700000000005,2.0709312361766425,0,1,1,2,1,3,0,1,1
13,CHEMBL94059,5.589999287456538,322.168127944,0.35,4,0,4,4,24,5,0,38.5,0.7081288561333502,4.118800000000004,2.090978957836171,0,1,1,2,1,3,0,1,1
14,CHEMBL92629,6.4900049079866005,321.184112356,0.35,4,1,4,4,24,5,0,41.3,0.7662222197995152,4.151900000000003,2.068784727066941,0,1,1,2,1,3,0,1,1
15,CHEMBL328102,7.0,336.16601976799996,0.38095238095238093,2,0,4,3,24,5,0,16.130000000000003,0.6410474098351782,5.141100000000005,2.1743808809130964,0,1,1,2,1,3,0,1,1
16,CHEMBL92142,6.6599923820033275,330.209598832,0.34782608695652173,2,0,4,2,25,5,0,16.130000000000003,0.6483634581037913,5.079600000000005,1.973400774638181,0,1,1,2,1,3,0,1,1
17,CHEMBL92958,6.919987152892072,319.20484780000004,0.38095238095238093,3,1,4,3,24,5,0,31.92,0.7552858605068138,4.407700000000004,2.1147789578361706,0,1,1,2,1,3,0,1,1
18,CHEMBL329231,9.240030142445693,389.21032710400004,0.4166666666666667,5,1,5,5,29,5,0,58.370000000000005,0.6950786465626431,4.557300000000004,2.521913937621404,0,2,2,2,1,3,0,1,1
19,CHEMBL328468,9.019996628416253,375.19467704000004,0.391304347826087,5,1,5,5,28,5,0,58.370000000000005,0.727199035165088,4.167200000000003,2.5355287680176204,0,2,2,2,1,3,0,1,1
20,CHEMBL426441,9.320027305722581,389.210327104,0.4166666666666667,5,0,5,5,29,5,0,49.580000000000005,0.656480905606345,4.191500000000004,2.5577110753673793,0,2,2,2,1,3,0,1,1
21,CHEMBL95020,8.439973751087107,375.19467704000004,0.391304347826087,5,1,5,5,28,5,0,58.370000000000005,0.727199035165088,4.167200000000003,2.5693550886849064,0,2,2,2,1,3,0,1,1
22,CHEMBL185799,6.599997654072045,378.20637017609,0.375,4,0,4,4,28,5,0,35.53,0.7262677452739872,4.340300000000004,2.8332810062011244,1,1,2,2,0,2,0,1,1
23,CHEMBL186144,8.100015437450608,424.19409124008996,0.4,4,0,4,5,30,6,0,35.53,0.38449379530696826,5.548100000000006,3.4212363782713195,0,1,1,2,1,3,0,1,1
24,CHEMBL361869,7.36997914888659,440.1890058600899,0.4,5,1,4,6,31,6,0,55.760000000000005,0.45236001738625825,4.518900000000005,3.799925929357199,0,1,1,2,1,3,0,1,1
25,CHEMBL189283,6.41999931041096,468.22030598809,0.4444444444444444,5,1,4,6,33,7,0,55.760000000000005,0.3776870216485031,5.2991000000000055,3.7554270563039394,0,1,1,2,1,3,0,1,1
26,CHEMBL362711,6.959991363986458,452.22539136808996,0.4444444444444444,4,0,4,5,32,7,0,35.53,0.31041168107563055,6.328300000000008,3.4327799679943976,0,1,1,2,1,3,0,1,1
27,CHEMBL185976,6.919987152892072,454.2046559240899,0.4230769230769231,5,0,4,6,32,7,0,44.760000000000005,0.3648206709927736,5.173000000000005,3.879086227429921,0,1,1,2,1,3,0,1,1
28,CHEMBL188325,6.279997898282849,408.16279111208996,0.2916666666666667,4,0,4,5,29,6,0,35.53,0.42154362859419986,5.078100000000006,3.370269938687107,0,1,1,2,1,3,0,0,0
29,CHEMBL187812,4.709999910852971,398.17844117608996,0.391304347826087,4,1,4,5,28,5,0,38.69,0.6470797513124261,4.413500000000004,3.7855727249629183,0,1,1,2,1,3,0,1,1
30,CHEMBL191729,5.570000775141681,380.16787649208993,0.30434782608695654,3,0,4,4,27,5,0,18.46,0.5554337429768454,5.352400000000006,3.3047041806863744,0,1,1,2,1,3,0,0,0
31,CHEMBL364125,7.280006173632396,392.18900586008994,0.5714285714285714,5,0,3,6,27,7,0,44.760000000000005,0.5278318620452861,3.9943000000000035,3.593873812502494,0,1,1,1,1,2,0,1,1
32,CHEMBL610243,7.489991487059765,587.07073203609,0.43478260869565216,8,0,4,10,33,7,0,91.81,0.11642654728603881,5.667300000000005,4.988814978922393,0,1,1,0,3,3,0,1,1
33,CHEMBL372491,7.550059011226662,432.2203059880899,0.625,5,0,4,6,30,6,0,44.760000000000005,0.48022524415300016,4.917000000000005,3.8677479742191263,0,2,2,1,1,2,0,2,2
34,CHEMBL364585,7.100015437450609,448.21522060809,0.5833333333333334,6,0,3,7,31,6,0,61.83000000000001,0.3644789318975988,4.689600000000005,3.682303268960844,0,1,1,1,1,2,0,1,1
35,CHEMBL188917,6.40999458034867,454.20465592409,0.4230769230769231,5,0,4,6,32,8,0,44.760000000000005,0.3364379444417358,5.426900000000006,3.451353379365636,0,1,1,2,1,3,0,1,1
36,CHEMBL188338,6.0,373.15804008008996,0.5,5,0,3,6,26,5,0,59.32000000000001,0.45343068355775906,3.8714800000000036,3.731884630350528,0,1,1,1,1,2,0,1,1
37,CHEMBL366114,6.050000457140078,344.13149098409,0.3684210526315789,4,0,3,5,24,6,0,39.410000000000004,0.7556314630538877,2.7470000000000008,3.332175015180871,0,1,1,1,1,2,0,0,0
38,CHEMBL188753,6.549997369826814,358.14714104809,0.4,4,0,3,5,25,7,0,39.41,0.7126170009414374,3.2299000000000024,3.3601053363484388,0,1,1,1,1,2,0,0,0
39,CHEMBL189122,6.6599923820033275,370.14714104809,0.3333333333333333,4,0,3,5,26,8,0,39.41,0.5274159177582065,3.3960000000000026,3.52008495123541,0,1,1,1,1,2,0,0,0
40,CHEMBL189517,6.959991363986458,384.16279111209,0.45454545454545453,4,0,4,5,27,8,0,39.410000000000004,0.6519194610048545,3.6200000000000028,3.4908438179721646,1,1,2,1,1,2,1,0,1
41,CHEMBL365904,7.400007822415902,398.17844117609,0.4782608695652174,4,0,4,5,28,8,0,39.410000000000004,0.6300880747112739,4.010100000000003,3.485370807889714,1,1,2,1,1,2,1,0,1
42,CHEMBL186264,8.15002808767115,402.17335579608994,0.45454545454545453,5,0,3,6,28,10,0,48.64,0.45103544089960657,3.246500000000001,3.419989269428175,0,1,1,1,1,2,0,0,0
43,CHEMBL187818,8.590066876668706,438.15336930009005,0.28,4,0,4,6,31,8,0,39.410000000000004,0.48903583071782986,4.397400000000004,3.2635960571492415,0,1,1,2,1,3,0,0,0
44,CHEMBL188011,6.0,478.16827041608997,0.2962962962962963,6,0,4,7,34,9,0,65.71000000000001,0.34161990708831325,4.044900000000003,3.2833994686556203,0,1,1,2,1,3,0,0,0
45,CHEMBL362752,8.219970872662662,426.11921204809005,0.30434782608695654,4,0,4,6,29,8,0,39.410000000000004,0.5031104326645138,4.319800000000003,3.4958575528801443,0,1,1,1,2,3,0,0,0
46,CHEMBL610242,8.349984047528162,583.0394319080899,0.30434782608695654,8,0,4,10,33,9,0,95.69,0.15980263839265849,4.377500000000003,3.8894494674880464,0,1,1,1,2,3,0,0,0
47,CHEMBL86031,7.0,380.22202024008993,0.4583333333333333,4,0,4,4,28,6,0,35.53,0.5475826149261793,4.4775000000000045,2.6105184264637877,0,2,2,2,0,2,0,1,1
48,CHEMBL313231,7.3799681048737025,366.20637017608993,0.43478260869565216,4,0,4,4,27,6,0,35.53,0.5601874947219133,4.435000000000004,2.590006000786415,0,2,2,2,0,2,0,1,1
49,CHEMBL313582,6.859995049380551,392.25840574808996,0.5,3,0,4,3,29,6,0,26.3,0.48449013936329505,5.4214000000000055,2.6559242880370633,0,2,2,2,0,2,0,1,1
50,CHEMBL87823,7.299988937677888,402.24275568408996,0.37037037037037035,3,0,4,3,30,7,0,26.3,0.3649630863616059,5.868100000000006,2.5049403457355375,0,1,1,3,0,3,0,1,1
51,CHEMBL432376,6.919987152892072,435.26421940009,0.4444444444444444,5,0,4,5,32,8,0,40.46,0.359976221150097,5.215200000000006,2.8259027398600107,0,1,1,2,1,3,0,1,1
52,CHEMBL87014,7.659952682338607,402.25398906409004,0.38461538461538464,4,0,4,4,30,7,0,34.89,0.4020767496939143,5.200420000000006,2.6740814597938947,0,1,1,2,1,3,0,1,1
53,CHEMBL418955,8.079981083971084,350.199428072,0.4090909090909091,4,0,4,4,26,6,0,38.5,0.646828867661836,4.681200000000004,2.120838080872252,0,1,1,2,1,3,0,1,1
54,CHEMBL93123,8.029978734171634,439.225977168,0.2857142857142857,5,1,5,5,33,7,0,58.370000000000005,0.3880051704085061,5.924900000000005,2.184511846026062,0,1,1,3,1,4,0,1,1
55,CHEMBL92463,7.590066876668706,336.183778008,0.38095238095238093,4,1,4,4,25,5,0,49.5,0.7511071391686511,4.378200000000004,2.194521506446913,0,1,1,2,1,3,0,1,1
56,CHEMBL328715,6.090000275786018,335.19976242,0.38095238095238093,4,1,4,4,25,6,0,41.3,0.7177861605744295,4.542000000000003,2.117037082330489,0,1,1,2,1,3,0,1,1
57,CHEMBL362350,6.470005326930858,332.21212425208995,0.36363636363636365,3,0,4,3,25,5,0,18.61,0.7405459854216904,4.4413000000000045,2.7745425043679113,0,2,2,2,0,2,0,1,1
58,CHEMBL359570,9.480040819247932,375.19467704000004,0.391304347826087,5,1,5,5,28,5,0,58.370000000000005,0.727199035165088,4.167200000000003,2.5258097689444057,0,2,2,2,1,3,0,1,1
59,CHEMBL187603,6.719991046891813,456.22030598809005,0.5,5,1,4,6,32,8,0,55.760000000000005,0.6064325412276071,4.097500000000004,3.882713234560609,0,2,2,2,0,2,0,1,1
60,CHEMBL360832,7.0499760934766735,442.20465592409005,0.48,5,1,4,6,31,7,0,55.760000000000005,0.6603575533305295,3.8515000000000033,3.6639938374588183,0,2,2,2,0,2,0,1,1
61,CHEMBL186090,6.119998611678231,438.20974130409,0.4230769230769231,4,0,4,5,31,7,0,35.53,0.4548816092582388,4.902700000000005,4.128905523919938,0,2,2,2,0,2,0,0,0
62,CHEMBL187591,4.519999959791458,398.21482668409,0.5,3,0,4,4,28,6,0,18.46,0.6257619843063745,5.167500000000005,3.437247367718774,0,2,2,2,0,2,0,1,1
63,CHEMBL188714,7.270025714300444,422.19957054408997,0.6363636363636364,6,0,3,7,29,8,0,61.83000000000001,0.47392180481844176,3.099500000000001,3.6739406420132337,0,2,2,1,0,1,0,1,1
64,CHEMBL187330,5.589999287456538,372.16279111209,0.42857142857142855,4,0,3,5,26,8,0,39.41,0.6637059053128864,3.6200000000000028,3.3743223732728325,0,1,1,1,1,2,0,0,0
65,CHEMBL189774,7.51999305704285,388.15770573208994,0.42857142857142855,5,0,3,6,27,9,0,48.64,0.618471810910422,2.8564000000000007,3.3946903714187178,0,1,1,1,1,2,0,0,0
66,CHEMBL186042,8.33998877871067,420.16279111209,0.28,4,0,4,5,30,8,0,39.410000000000004,0.5107327219108713,4.258300000000004,3.207357475010335,0,1,1,2,1,3,0,0,0
67,CHEMBL363455,6.620005959834258,346.14376992008994,0.18181818181818182,4,0,4,4,26,6,0,39.41,0.5059639072775126,3.566600000000003,2.3150672517014232,0,1,1,2,1,3,0,0,0
68,CHEMBL8320,6.019996628416253,108.021129368,0.0,2,0,1,2,8,0,0,34.14,0.4166812385860659,0.25059999999999993,2.3547041345107225,1,0,1,0,0,0,0,0,0
69,CHEMBL364729,5.777283528852417,243.86523996,0.0,2,0,1,6,12,0,0,34.14,0.48562385065624664,2.5166,2.778343560550484,1,0,1,0,0,0,0,0,0
70,CHEMBL192627,6.787812395596042,243.86523996,0.0,2,0,1,6,12,0,0,34.14,0.6150038675868632,2.5166,2.5906724343258354,1,0,1,0,0,0,0,0,0
71,CHEMBL208092,7.782516055786093,514.4035476,0.6176470588235294,4,4,5,4,38,10,0,62.97,0.22719999777354416,7.474100000000008,4.97105721229645,3,0,3,1,1,2,1,0,1
72,CHEMBL1255901,7.327902142064282,242.141913196,0.4,3,3,3,3,18,0,0,58.88,0.6835351502151038,1.9975,4.9405807467540575,2,0,2,0,1,1,0,0,0
73,CHEMBL210453,8.193820026016112,529.366827744,0.5882352941176471,5,2,5,5,39,11,0,63.25,0.1816447403389178,7.299900000000008,4.878068448885466,3,0,3,1,1,2,1,0,1
74,CHEMBL382423,7.804100347590766,486.372247472,0.59375,4,4,5,4,36,10,0,62.97,0.2541208317253745,6.838000000000006,4.843616856738036,3,0,3,1,1,2,1,0,1
75,CHEMBL536047,10.481486060122112,320.084703936,0.35294117647058826,2,2,4,4,21,0,0,38.91,0.7018342518422415,4.888200000000003,5.286652982733772,0,2,2,1,1,2,0,0,0
76,CHEMBL375126,4.31695296176115,305.00103388800005,0.06666666666666667,3,0,3,5,20,2,0,37.38,0.7929698176550005,3.722900000000002,1.839396289896932,0,1,1,2,0,2,0,0,0
77,CHEMBL222752,5.484126156288321,486.157957184,0.0967741935483871,6,0,6,6,37,6,0,74.76,0.36928737719766613,4.736400000000004,2.107843338868861,0,2,2,4,0,4,0,0,0
78,CHEMBL222856,6.982966660701219,756.503715136,0.6190476190476191,12,2,2,12,54,27,0,140.15999999999997,0.07391402158384468,6.801400000000007,2.895638619380483,0,0,0,2,0,2,0,0,0
79,CHEMBL385130,7.913640169325252,784.5350152640001,0.6363636363636364,12,2,2,12,56,29,0,140.15999999999997,0.06269824851929852,7.581600000000008,3.0017222873610825,0,0,0,2,0,2,0,0,0
80,CHEMBL222904,8.246416941107093,780.5037151360001,0.6363636363636364,12,2,4,12,56,21,0,140.15999999999997,0.10273162113581401,6.801400000000007,3.0849664036056774,0,2,2,2,0,2,0,2,2
81,CHEMBL225567,10.853871964321762,502.24993942000003,0.4,5,3,5,6,36,11,0,69.81,0.19385868736713222,6.969600000000006,2.5430208249930555,1,0,1,2,2,4,0,0,0
82,CHEMBL223443,10.823908740944319,502.24993942000003,0.4,5,3,5,6,36,11,0,69.81,0.19385868736713222,6.969600000000006,2.547919228476365,1,0,1,2,2,4,0,0,0
83,CHEMBL225326,10.698970004336019,580.160451488,0.4,5,3,5,7,37,11,0,69.81,0.1587595684455846,7.732100000000006,2.667902072824825,1,0,1,2,2,4,0,0,0
84,CHEMBL433282,6.070581074285707,253.037507704,0.0,5,0,3,5,19,1,0,77.28,0.44435788048357133,2.6408000000000005,1.9471342845985369,1,0,1,2,0,2,0,0,0
85,CHEMBL235289,6.044312249686494,272.006935848,0.0,8,0,3,8,20,2,0,120.42000000000002,0.4681250068474728,2.0351999999999997,2.4778081030837456,1,0,1,2,0,2,0,0,0
86,CHEMBL52347,6.494850021680094,158.036779432,0.0,2,0,2,2,12,0,0,34.14,0.5355314188299348,1.4652,2.0362374890096486,1,0,1,1,0,1,0,0,0
87,CHEMBL231160,8.585026652029182,632.430156272,0.5263157894736842,8,2,3,8,46,24,0,83.14,0.10361099994344834,6.2674000000000065,2.979695627159435,1,0,1,2,0,2,0,0,0
88,CHEMBL495711,5.719421629631924,402.205576072,0.2916666666666667,6,4,4,6,30,6,0,97.11,0.5905617557408396,2.7383000000000006,2.6348476606867273,1,0,1,2,1,3,0,0,0
89,CHEMBL522073,5.199282921717614,416.221226136,0.32,6,3,4,6,31,7,0,83.12,0.5529646166472741,2.9990000000000014,2.7016744668294486,1,0,1,2,1,3,0,0,0
90,CHEMBL496946,4.95116991347165,452.221226136,0.25,6,4,5,6,34,6,0,97.11,0.41344047918412097,3.8915000000000033,2.783384862643075,1,0,1,3,1,4,0,0,0
91,CHEMBL521874,5.384049948343598,414.205576072,0.32,6,3,5,6,31,4,0,83.12,0.6131007654880744,2.8828000000000005,2.916381584327336,1,1,2,2,1,3,0,0,0
92,CHEMBL495712,5.6548223834572955,441.21647510400004,0.2692307692307692,7,5,5,7,33,6,0,112.89999999999999,0.3679170998220897,3.2196000000000016,2.8551849817020933,1,0,1,2,2,4,0,0,0
93,CHEMBL496126,5.47755576649368,455.23212516800004,0.2962962962962963,7,4,5,7,34,7,0,98.91000000000001,0.3428886612320682,3.4803000000000024,2.9151051423633536,1,0,1,2,2,4,0,0,0
94,CHEMBL508778,5.098541678603888,555.284554664,0.375,9,4,5,9,41,8,0,125.21,0.23857606544471163,5.175700000000004,3.0609893172166096,1,0,1,2,2,4,0,0,0
95,CHEMBL496127,4.468138050904191,455.23212516800004,0.2962962962962963,7,5,5,7,34,7,0,112.89999999999999,0.34091619781826293,3.609700000000003,2.876351296209508,1,0,1,2,2,4,0,0,0
96,CHEMBL502244,6.886056647693163,527.2896400440001,0.3870967741935484,8,4,5,8,39,8,0,108.14,0.23391464436781165,5.259000000000004,3.049631984287359,1,0,1,2,2,4,0,0,0
97,CHEMBL525917,6.552841968657781,427.23721054800006,0.3076923076923077,6,5,5,6,32,7,0,95.83,0.3383308238677222,3.693000000000003,2.8803448460485193,1,0,1,2,2,4,0,0,0
98,CHEMBL504571,7.8124792791635365,693.400253112,0.475,11,5,6,11,51,13,0,146.37,0.10776350845834569,5.970500000000006,3.5326284976610065,2,0,2,2,2,4,0,0,0
99,CHEMBL397271,8.20690839982342,593.347823616,0.42857142857142855,9,6,6,9,44,12,0,134.06,0.1537568271348923,4.404500000000002,3.3436835789721897,2,0,2,2,2,4,0,0,0
100,CHEMBL451304,8.170696227168975,604.388960156,0.5,7,3,7,7,45,12,0,82.18,0.15413299546995066,6.815500000000007,3.370439518241879,2,1,3,2,2,4,0,1,1
101,CHEMBL129108,7.554395796726403,523.302119312,0.47058823529411764,3,1,6,4,38,11,0,37.81,0.1571039445299527,9.085400000000002,2.7412962907734624,2,0,2,2,2,4,0,0,0
102,CHEMBL481,7.296708621881338,586.279134936,0.5151515151515151,10,1,7,10,43,4,0,114.2,0.35595556922918214,4.0911000000000035,3.6325604418224557,0,4,4,1,2,3,0,2,2
103,CHEMBL464538,8.0,564.1350880360001,0.37037037037037035,3,0,2,5,32,12,0,17.07,0.24653351228069167,-0.6650999999999925,3.5146383034819095,0,0,0,2,0,2,0,0,0
104,CHEMBL360055,4.431798275933005,510.46182204027,0.8,6,0,1,6,36,21,0,27.69,0.2058221894673444,5.452500000000005,3.257653489581986,0,0,0,1,0,1,0,0,0
105,CHEMBL490660,8.787812395596042,526.309647216,0.3333333333333333,4,2,7,4,40,8,0,49.84,0.21614474531816513,7.849800000000007,2.5857860842942646,2,0,2,3,2,5,0,0,0
106,CHEMBL507438,8.127843727251706,540.3252972800001,0.35135135135135137,4,2,7,4,41,8,0,49.84,0.20845710403971132,8.158220000000005,2.7739893018797517,2,0,2,3,2,5,0,0,0
107,CHEMBL522286,7.877129077135565,516.288911772,0.35294117647058826,5,2,7,5,39,8,0,62.980000000000004,0.22434293726903512,7.442800000000006,3.0028306990822866,2,0,2,2,3,5,0,0,0
108,CHEMBL521935,9.114638779968487,527.3048961840001,0.34285714285714286,5,2,7,5,40,8,0,62.730000000000004,0.2226169798091738,7.244800000000007,2.7873921305534033,2,0,2,2,3,5,0,0,0
109,CHEMBL490264,8.764976840504776,526.309647216,0.3333333333333333,4,2,7,4,40,8,0,49.84,0.21614474531816513,7.849800000000007,2.676583305311759,2,0,2,3,2,5,0,0,0
110,CHEMBL445454,9.866780543267506,562.3783954720001,0.5,6,2,7,6,42,10,0,56.32,0.21640147797793424,6.462400000000007,2.763952782105642,2,1,3,2,2,4,0,1,1
111,CHEMBL499224,9.924088238517223,551.36241106,0.4857142857142857,6,3,6,6,41,13,0,73.31,0.16416936136278895,6.529200000000007,2.8691237281092583,2,0,2,2,2,4,0,0,0
112,CHEMBL490060,9.790484985457368,535.3674964400001,0.4857142857142857,5,2,6,5,40,12,0,53.08,0.18341000034932303,7.556800000000008,2.806802561937486,2,0,2,2,2,4,0,0,0
113,CHEMBL489454,10.928117992693874,521.351846376,0.47058823529411764,5,2,6,5,39,11,0,53.08,0.20502700242439606,7.166700000000008,2.7746960836976715,2,0,2,2,2,4,0,0,0
114,CHEMBL451277,9.65169513695184,549.3467609960001,0.45714285714285713,6,2,6,6,41,11,0,70.15,0.19564408171889763,7.083400000000007,2.860784070151718,2,0,2,2,2,4,0,0,0
115,CHEMBL482512,8.573163546196492,524.29736828,0.45454545454545453,4,2,6,5,38,11,0,49.84,0.15708296877674965,7.504700000000008,2.8021185579799415,2,0,2,2,2,4,0,0,0
116,CHEMBL501587,7.680269505669775,566.307932964,0.45714285714285713,5,1,6,6,41,11,0,58.120000000000005,0.1484916386919722,7.763600000000008,2.9506170008573758,2,0,2,2,2,4,0,0,0
117,CHEMBL175949,8.288192770958808,566.3079329640001,0.45714285714285713,5,1,6,6,41,11,0,58.120000000000005,0.1484916386919722,7.763600000000007,2.9434192894778466,2,0,2,2,2,4,0,0,0
118,CHEMBL175555,8.399027104313252,538.313018344,0.47058823529411764,4,1,6,5,39,11,0,41.050000000000004,0.1555447759590316,7.846900000000008,2.8608931659257877,2,0,2,2,2,4,0,0,0
119,CHEMBL179192,7.873868592738016,552.2922829,0.4411764705882353,5,1,6,6,40,10,0,58.120000000000005,0.16437721689011336,7.373500000000008,2.92833505237825,2,0,2,2,2,4,0,0,0
120,CHEMBL338755,9.267606240177031,507.3361963120001,0.45454545454545453,5,2,6,5,38,10,0,53.08,0.2318747073686506,6.776600000000006,2.750316089419158,2,0,2,2,2,4,0,0,0
121,CHEMBL507174,10.072116589669292,547.3674964400001,0.4444444444444444,5,2,6,5,41,13,0,53.08,0.13253920239462963,7.722900000000008,2.9263855187776073,2,0,2,2,2,4,0,0,0
122,CHEMBL374184,6.962573502059376,393.20524172399996,0.391304347826087,6,3,4,6,29,4,0,86.47,0.7652618763664968,3.945700000000003,3.0563711819340176,1,1,2,1,1,2,0,0,0
123,CHEMBL3215768,8.718966632752272,824.1751927920003,0.375,6,2,7,12,52,12,0,76.14,0.12255537789413186,11.830299999999976,4.6647132032271035,1,1,2,2,3,5,0,0,0
124,CHEMBL309490,4.0675262353228465,270.05282342000004,0.0,5,3,3,5,20,1,0,90.9,0.6318329361180623,2.576800000000001,2.2254814547320976,0,0,0,2,1,3,0,0,0
125,CHEMBL150,4.032452023781138,286.04773804,0.0,6,4,3,6,21,1,0,111.13000000000001,0.5458513994143424,2.2824000000000004,2.3745475992120095,0,0,0,2,1,3,0,0,0
126,CHEMBL50,4.416801226031377,302.04265266,0.0,7,5,3,7,22,1,0,131.36,0.43419044029909815,1.988,2.5447087418021415,0,0,0,2,1,3,0,0,0
127,CHEMBL164,4.422508200162775,318.03756727999996,0.0,8,6,3,8,23,1,0,151.59,0.3707504645634647,1.6935999999999998,2.7332596240904596,0,0,0,2,1,3,0,0,0
128,CHEMBL151,4.181774106386045,286.04773804,0.0,6,4,3,6,21,1,0,111.13000000000001,0.5106223467843569,2.2824000000000004,2.4203306230846895,0,0,0,2,1,3,0,0,0
129,CHEMBL590031,4.619788758288394,232.050060146,0.6666666666666666,5,0,2,6,15,1,0,61.83,0.5081989931487367,1.6931999999999998,4.627191441473919,0,2,2,0,0,0,0,1,1
130,CHEMBL592624,4.119186407719209,234.06571021,0.6666666666666666,5,0,1,6,15,2,0,61.83,0.5403535565610514,2.0833,4.091724651261736,0,1,1,0,0,0,0,0,0
131,CHEMBL1025,5.221848749616356,184.066459158,1.0,3,0,0,5,11,4,0,35.53,0.6298693189390489,2.9140000000000015,3.3451439260408193,0,0,0,0,0,0,0,0,0
132,CHEMBL599644,7.213958789757446,536.340278648,0.4166666666666667,4,0,5,4,40,12,0,32.78,0.17657093531417642,7.566100000000009,2.505181336602501,1,1,2,3,0,3,0,1,1
133,CHEMBL590298,4.049148541111453,242.05138394,0.0,3,2,3,4,17,0,0,46.330000000000005,0.7694957469922409,3.368000000000001,2.0753205849802736,0,1,1,2,0,2,0,0,0
134,CHEMBL606338,5.028724151261895,256.067034004,0.07142857142857142,3,1,3,4,18,0,0,32.34,0.7803076144954193,3.628700000000002,2.168226964453453,0,1,1,2,0,2,0,0,0
135,CHEMBL601282,4.787812395596042,377.132861068,0.3157894736842105,4,1,3,6,25,5,0,35.580000000000005,0.8152378906426414,4.762500000000004,3.769315631781039,0,1,1,2,0,2,0,0,0
136,CHEMBL605824,6.09151498112135,369.187483484,0.38095238095238093,4,1,3,5,26,5,0,35.580000000000005,0.7946200635538987,5.1177000000000055,2.43333633877873,0,1,1,2,0,2,0,0,0
137,CHEMBL589536,4.531652669587842,339.140533292,0.3157894736842105,4,1,4,5,24,3,0,35.580000000000005,0.9145362083044382,4.094700000000004,2.2027212113572983,0,2,2,2,0,2,0,1,1
138,CHEMBL589563,6.207608310501746,353.156183356,0.35,4,1,4,5,25,3,0,35.580000000000005,0.8832867195663431,4.484800000000004,2.2131801343055404,0,2,2,2,0,2,0,1,1
139,CHEMBL430886,7.698970004336019,470.0932232239999,0.5238095238095238,2,0,2,4,25,12,0,7.76,0.2622117303147376,-1.5192999999999932,2.522067424064442,0,0,0,0,2,2,0,0,0
140,CHEMBL1081810,6.853871964321762,469.99932283999993,0.09090909090909091,2,0,4,4,26,4,0,7.76,0.29113161000674603,-2.4805999999999955,3.8895058119173385,0,0,0,2,2,4,0,0,0
141,CHEMBL1087194,7.619788758288394,285.147726848,0.4375,5,2,3,5,21,2,0,78.10000000000001,0.8579442251849845,2.575920000000001,2.5196814300801478,1,0,1,0,2,2,0,0,0
142,CHEMBL1642977,7.045757490560675,540.171473544,0.6153846153846154,2,0,2,4,30,9,0,7.76,0.30940690957792144,-0.09459999999999358,2.9149029949230343,0,0,0,0,2,2,0,0,0
143,CHEMBL1642988,7.0,582.124523352,0.3333333333333333,2,0,4,4,34,2,0,7.76,0.4541249189237511,0.4630000000000034,5.477622288606389,2,0,2,0,2,2,0,0,0
144,CHEMBL1200970,4.607303046740334,348.14269748000004,0.3684210526315789,2,0,3,4,23,5,0,6.48,0.7097853174897145,5.441400000000005,4.223590680431654,0,1,1,2,0,2,0,0,0
145,CHEMBL1669479,8.301029995663981,550.143587048,0.4166666666666667,6,2,2,10,34,10,0,58.2,0.24560011970984874,-2.913199999999989,3.126236477038402,0,0,0,2,0,2,0,0,0
146,CHEMBL1669486,6.207608310501746,528.0775731599999,0.3076923076923077,2,0,4,4,30,9,0,7.76,0.20613780624692823,-0.38319999999999643,4.113970715459837,0,0,0,1,3,4,0,0,0
147,CHEMBL1669494,5.903089986991944,570.0306229679999,0.06666666666666667,2,0,6,4,34,4,0,7.76,0.25960081621295494,-0.1741999999999979,4.384656014086664,0,0,0,3,3,6,0,0,0
148,CHEMBL225577,7.3979400086720375,556.1088732879999,0.35714285714285715,2,0,4,4,32,11,0,7.76,0.18622680496647984,0.39700000000000113,3.765564513838445,0,0,0,2,2,4,0,0,0
149,CHEMBL1762003,5.638272163982407,570.0306229679999,0.06666666666666667,2,0,6,4,34,4,0,7.76,0.25960081621295483,-0.1741999999999988,4.204770840724914,0,0,0,4,2,6,0,0,0
150,CHEMBL392577,8.455931955649724,403.10308516400005,0.0,2,0,6,3,30,1,0,20.310000000000002,0.2711522466113874,7.436100000000004,2.278131422539399,0,1,1,5,0,5,0,0,0
151,CHEMBL1819176,8.995678626217357,560.2706748640001,0.3333333333333333,4,2,7,5,41,10,0,49.84,0.16380388370832932,9.360899999999999,2.8064846360537743,2,0,2,3,2,5,0,0,0
152,CHEMBL2011402,4.464705879957229,454.19915329999986,0.34615384615384615,7,4,3,7,33,7,0,116.45000000000002,0.44720605099037497,4.724500000000006,3.7809612442407294,0,1,1,2,0,2,0,0,0
153,CHEMBL459258,4.166215625343521,454.19915329999986,0.34615384615384615,7,4,3,7,33,7,0,116.45000000000002,0.44720605099037497,4.724500000000006,3.7660335519330363,0,1,1,2,0,2,0,0,0
154,CHEMBL2011403,4.772113295386326,470.1940679199999,0.34615384615384615,8,5,3,8,34,7,0,136.68,0.37497112386657117,4.430100000000005,3.972637779559941,0,1,1,2,0,2,0,0,0
155,CHEMBL2011404,4.024568191490737,438.2042386799999,0.34615384615384615,6,3,3,6,32,7,0,96.22000000000001,0.476193168504498,5.7537000000000065,3.4499008273013096,0,1,1,2,0,2,0,0,0
156,CHEMBL2011405,4.521433504406157,454.1991532999999,0.34615384615384615,7,4,3,7,33,7,0,116.45000000000002,0.41056194795173645,5.459300000000004,3.646374885548248,0,1,1,2,0,2,0,0,0
157,CHEMBL223256,5.075720713938118,424.1885886159999,0.32,6,4,3,6,31,6,0,107.22000000000001,0.3627665794843703,5.4507000000000065,3.5023267745217552,0,1,1,2,0,2,0,0,0
158,CHEMBL1256415,5.1979107421182675,228.126263132,0.35714285714285715,3,2,3,3,17,1,0,48.14,0.8159766081822483,2.7044000000000006,2.111764227052486,1,0,1,1,1,2,0,0,0
159,CHEMBL1677,6.995678626217357,234.09237616,0.3076923076923077,2,2,3,3,16,0,0,38.91,0.7608532205240112,3.1176000000000026,3.218714822033376,1,0,1,1,1,2,0,0,0
160,CHEMBL2064470,7.607303046740334,457.32054624799997,0.4827586206896552,5,1,5,5,34,9,0,34.64,0.5051576281124806,4.669600000000004,2.4393308258578976,1,1,2,2,1,3,0,1,1
161,CHEMBL2064468,7.3223930472795065,463.36749643999997,0.6896551724137931,5,1,5,5,34,9,0,34.64,0.5779701420507393,4.797700000000004,2.5476502470307842,2,1,3,1,1,2,1,1,2
162,CHEMBL2064466,7.068033885271827,471.299810804,0.4482758620689655,6,1,5,6,35,8,0,51.71000000000001,0.5338009579767118,4.196200000000003,2.485130941056692,1,1,2,2,1,3,0,1,1
163,CHEMBL2064465,8.428291168191313,491.36241106,0.6666666666666666,6,1,5,6,36,9,0,51.71000000000001,0.5503904511279059,4.714400000000004,2.6359115361686722,2,1,3,1,1,2,1,1,2
164,CHEMBL2064464,9.497572880015568,477.346760996,0.6551724137931034,6,1,5,6,35,8,0,51.71000000000001,0.6135650780623697,4.324300000000003,2.587033256217259,2,1,3,1,1,2,1,1,2
165,CHEMBL2064404,7.118615343229427,449.315460868,0.6296296296296297,6,1,5,6,33,7,0,51.71000000000001,0.7007101935413328,3.5457000000000027,2.4244346089773963,1,2,3,1,1,2,0,2,2
166,CHEMBL2159664,7.327902142064282,496.136154888,0.2692307692307692,5,1,3,6,32,11,0,59.28000000000001,0.25087011722335895,2.072399999999999,2.32523038144919,0,0,0,2,1,3,0,0,0
167,CHEMBL2159663,7.0915149811213505,482.120504824,0.24,5,1,3,6,31,10,0,59.28000000000001,0.2714057162804438,1.6822999999999997,2.301453004301697,0,0,0,2,1,3,0,0,0
168,CHEMBL2159662,8.1890957193313,532.136154888,0.20689655172413793,5,1,4,6,35,10,0,59.28000000000001,0.1939195029709291,2.8355000000000006,3.5040333325512947,0,0,0,3,1,4,0,0,0
169,CHEMBL2159661,8.0268721464003,546.151804952,0.23333333333333334,5,1,4,6,36,11,0,59.28000000000001,0.17835827589555056,3.225600000000001,3.5313389005098115,0,0,0,3,1,4,0,0,0
170,CHEMBL2159660,7.350081281264581,532.136154888,0.20689655172413793,5,1,4,6,35,10,0,59.28000000000001,0.1939195029709291,2.8355000000000006,3.5058914863974504,0,0,0,3,1,4,0,0,0
171,CHEMBL2159659,7.3390397082239165,518.120504824,0.17857142857142858,5,1,4,6,34,9,0,59.28000000000001,0.2101262411708939,2.4454000000000002,3.4810506270541364,0,0,0,3,1,4,0,0,0
172,CHEMBL2159658,7.275724130399211,518.120504824,0.17857142857142858,5,1,4,6,34,9,0,59.28000000000001,0.2101262411708939,2.4454000000000002,3.4791350045323286,0,0,0,3,1,4,0,0,0
173,CHEMBL2159657,6.90752498707402,543.1521393,0.2,5,2,5,6,36,10,0,58.00000000000001,0.20980825185120308,2.444300000000003,3.9149417248479166,0,0,0,3,2,5,0,0,0
174,CHEMBL2159656,6.703817627444565,536.178688396,0.2857142857142857,6,2,4,7,35,11,0,61.24,0.22455437673434223,1.3571000000000035,3.6574501017820644,0,0,0,2,2,4,0,0,0
175,CHEMBL2158019,5.842543231865774,501.24162723200004,0.18181818181818182,5,2,6,5,38,10,0,59.050000000000004,0.19661162340331492,7.107500000000006,2.2372413446948567,0,0,0,4,2,6,0,0,0
176,CHEMBL258893,5.950781977329818,383.0924357359999,0.19047619047619047,5,0,5,6,27,2,0,40.8,0.3776894350984681,0.7206000000000001,4.200242156170005,0,1,1,3,1,4,0,0,0
177,CHEMBL518543,5.508638306165727,422.1729385519999,0.24,6,4,3,6,31,5,0,111.13,0.4153271403941536,5.299800000000006,3.1644361211848153,0,0,0,2,1,3,0,0,0
178,CHEMBL1770314,5.508638306165727,436.15220310799987,0.32,7,3,5,7,32,1,0,109.36000000000001,0.5261668485098201,4.129800000000004,3.864951876252359,0,2,2,2,1,3,0,0,0
179,CHEMBL1770313,5.508638306165727,418.14163842399995,0.24,6,2,5,6,31,1,0,89.13000000000001,0.5106256119281037,5.455100000000005,3.9443761841818636,0,2,2,2,1,3,0,0,0
180,CHEMBL1719948,5.508638306165727,438.1678531719999,0.32,7,4,4,7,32,4,0,120.36,0.4744157506615808,4.464500000000003,3.3236837583110557,0,1,1,2,1,3,0,0,0
181,CHEMBL464006,5.508638306165727,420.1572884879999,0.24,6,3,4,6,31,3,0,100.13000000000001,0.49928404405164223,5.269700000000006,3.28358768550285,0,1,1,2,1,3,0,0,0
182,CHEMBL1096939,5.508638306165727,424.1885886159999,0.32,6,4,3,6,31,6,0,107.22000000000001,0.459414934239032,5.4507000000000065,3.5636701229380456,0,1,1,2,0,2,0,0,0
183,CHEMBL2297276,5.508638306165727,438.20423868,0.34615384615384615,6,3,3,6,32,7,0,96.22000000000001,0.47619316850449817,5.753700000000004,3.5081742538747367,0,1,1,2,0,2,0,0,0
184,CHEMBL2297277,5.508638306165727,422.1729385519999,0.24,6,4,3,6,31,6,0,111.13000000000001,0.38945817996087556,5.517600000000007,3.0583058755480996,0,0,0,2,1,3,0,0,0
185,CHEMBL2297278,5.508638306165727,436.188588616,0.2692307692307692,6,3,3,6,32,7,0,100.13000000000001,0.40358397010550423,5.820600000000003,3.00582887526307,0,0,0,2,1,3,0,0,0
186,CHEMBL2297982,5.542118103266008,571.0168124280002,0.2857142857142857,6,0,4,15,36,3,0,54.260000000000005,0.36323093422656083,5.951900000000003,2.787470139290619,0,1,1,1,2,3,0,1,1
187,CHEMBL187030,6.047338300725594,491.14904728799996,0.375,6,2,4,10,34,6,0,79.79,0.5288980562890212,5.880800000000003,3.242564734317792,1,1,2,2,0,2,1,1,2
188,CHEMBL2297981,6.885889643468108,407.05737516000005,0.16666666666666666,5,2,3,9,27,5,0,70.56,0.7370160451875585,3.9346000000000023,3.2759308546197285,0,1,1,2,0,2,0,1,1
189,CHEMBL2297980,7.642446280256919,442.15042719200005,0.20833333333333334,5,1,4,8,32,6,0,50.800000000000004,0.5394402956230178,5.607500000000004,2.2357324947205353,0,1,1,3,0,3,0,1,1
190,CHEMBL1720480,7.020907099361674,366.1943426919999,0.4090909090909091,5,1,4,5,27,4,0,50.80000000000001,0.9025465698788593,3.242300000000002,1.9724053849149445,0,2,2,2,0,2,0,1,1
191,CHEMBL2297979,7.324771746406936,411.132524632,0.35,4,1,3,8,28,5,0,35.580000000000005,0.803703927810496,4.115100000000003,1.9018379244094987,0,1,1,2,0,2,0,1,1
192,CHEMBL2297978,7.671824338561677,488.09951234000005,0.2916666666666667,5,1,4,8,32,6,0,66.48,0.5334863453232592,4.937120000000004,2.3241044304770853,0,1,1,2,1,3,0,1,1
193,CHEMBL1711540,7.260902553882525,406.14594852799996,0.38095238095238093,5,1,3,7,28,6,0,50.8,0.7902797144141668,3.8907000000000034,1.9779917705633459,0,1,1,2,0,2,0,1,1
194,CHEMBL2297977,6.617730743424321,407.182061668,0.38095238095238093,5,1,3,8,29,5,0,44.81,0.8007876779890764,4.367500000000003,1.9928297037269704,0,1,1,2,0,2,0,1,1
195,CHEMBL2297976,5.628932137728263,453.045166172,0.05555555555555555,9,2,3,13,31,5,0,125.64000000000001,0.20497119935400807,3.9300000000000015,2.541538092742668,0,0,0,2,1,3,0,0,0
196,CHEMBL2297975,6.282878952393466,475.14673877999996,0.22727272727272727,9,2,3,12,34,5,0,125.64000000000001,0.18937435027275162,4.574100000000003,2.6503382830584687,0,0,0,2,1,3,0,0,0
197,CHEMBL2297985,5.684029654543082,487.071523152,0.10526315789473684,9,2,3,15,34,5,0,125.64000000000001,0.14291770257019665,4.295400000000002,2.671747145934722,0,0,0,2,1,3,0,0,0
198,CHEMBL2297984,7.211831628858832,459.227039788,0.3076923076923077,8,0,4,8,34,8,0,82.82,0.37599067387792706,3.842900000000003,2.8414207410503813,0,1,1,2,1,3,0,1,1
199,CHEMBL2297983,6.579796625646704,462.112853896,0.38095238095238093,8,1,4,10,31,7,0,91.97,0.42126674122789975,3.8099000000000025,2.768032876509656,0,1,1,2,1,3,0,1,1
200,CHEMBL515394,7.1320613491092155,379.214743788,0.4583333333333333,4,0,4,4,28,6,0,38.77,0.7506219387110145,4.287400000000004,2.628257624129029,1,1,2,2,0,2,0,1,1
201,CHEMBL472776,7.226652458019177,379.214743788,0.4583333333333333,4,0,4,4,28,6,0,38.77,0.7506219387110143,4.287400000000004,2.6831909574623634,1,1,2,2,0,2,0,1,1
202,CHEMBL473962,6.11201719106374,365.199093724,0.43478260869565216,4,0,4,4,27,6,0,38.77,0.7783009541930097,3.897300000000003,2.6117680860118178,1,1,2,2,0,2,0,1,1
203,CHEMBL473767,7.652084813498309,365.199093724,0.43478260869565216,4,0,4,4,27,6,0,38.77,0.7783009541930097,3.897300000000003,2.668814239857971,1,1,2,2,0,2,0,1,1
204,CHEMBL472814,5.982966660701219,367.214743788,0.43478260869565216,4,0,3,4,27,8,0,38.77,0.7027587366925322,4.1433000000000035,2.707251097534707,1,0,1,2,0,2,0,0,0
205,CHEMBL472813,7.664341547710698,367.21474378799996,0.43478260869565216,4,0,3,4,27,8,0,38.77,0.7027587366925322,4.1433000000000035,2.7658403687897692,1,0,1,2,0,2,0,0,0
206,CHEMBL474190,6.037039062982668,353.199093724,0.4090909090909091,4,0,3,4,26,7,0,38.77,0.7598067401529606,3.753200000000003,2.716977449740238,1,0,1,2,0,2,0,0,0
207,CHEMBL515891,6.295180532819831,353.199093724,0.4090909090909091,4,0,3,4,26,7,0,38.77,0.7598067401529606,3.753200000000003,2.7779744992660547,1,0,1,2,0,2,0,0,0
208,CHEMBL474578,6.793093207069136,339.18344366,0.38095238095238093,4,0,3,4,25,6,0,38.77,0.8088405123304958,3.363100000000002,2.6493872741289675,1,0,1,2,0,2,0,0,0
209,CHEMBL474577,6.279848968948674,339.18344366,0.38095238095238093,4,0,3,4,25,6,0,38.77,0.8088405123304957,3.363100000000002,2.7129984829201774,1,0,1,2,0,2,0,0,0
210,CHEMBL514186,7.021317434843056,377.199093724,0.375,4,0,4,4,28,5,0,38.77,0.7187693172476843,4.512100000000004,2.2368126728677904,1,1,2,2,0,2,0,1,1
211,CHEMBL475161,7.149353764816933,377.199093724,0.375,4,0,4,4,28,5,0,38.77,0.7187693172476842,4.512100000000004,2.2911477156028344,1,1,2,2,0,2,0,1,1
212,CHEMBL465028,6.702261368267198,363.18344366,0.34782608695652173,4,0,4,4,27,5,0,38.77,0.7492318923442743,4.122000000000003,2.2212987429031106,1,1,2,2,0,2,0,1,1
213,CHEMBL465027,6.897052031994626,363.18344366,0.34782608695652173,4,0,4,4,27,5,0,38.77,0.7492318923442742,4.122000000000003,2.277723594974116,1,1,2,2,0,2,0,1,1
214,CHEMBL464427,6.343758015671039,365.199093724,0.34782608695652173,4,0,3,4,27,7,0,38.77,0.6832427178743191,4.368000000000004,2.317474949692272,1,0,1,2,0,2,0,0,0
215,CHEMBL518399,6.626132129672932,365.19909372399997,0.34782608695652173,4,0,3,4,27,7,0,38.77,0.683242717874319,4.368000000000004,2.3754265691254712,1,0,1,2,0,2,0,0,0
216,CHEMBL464024,6.0363915922144304,351.18344366,0.3181818181818182,4,0,3,4,26,6,0,38.77,0.7381670729326392,3.9779000000000035,2.3283123134889507,1,0,1,2,0,2,0,0,0
217,CHEMBL463279,6.6280090885350855,351.18344366,0.3181818181818182,4,0,3,4,26,6,0,38.77,0.7381670729326392,3.9779000000000035,2.3886455063235132,1,0,1,2,0,2,0,0,0
218,CHEMBL462873,6.209926051573696,337.167793596,0.2857142857142857,4,0,3,4,25,5,0,38.77,0.7818010138044492,3.5878000000000023,2.2619283790337867,1,0,1,2,0,2,0,0,0
219,CHEMBL462872,7.205860644232226,337.167793596,0.2857142857142857,4,0,3,4,25,5,0,38.77,0.7818010138044492,3.5878000000000023,2.324847280132687,1,0,1,2,0,2,0,0,0
220,CHEMBL361540,6.642179456061636,410.22055744000005,0.4583333333333333,6,0,4,6,30,6,0,51.24000000000001,0.7290754339966442,3.1986000000000017,3.1645821953817057,1,1,2,2,0,2,0,1,1
221,CHEMBL360570,7.158265221025257,396.20490737600005,0.43478260869565216,6,0,4,6,29,6,0,51.24000000000001,0.748328775774558,2.637600000000001,2.7552054345165793,1,1,2,2,0,2,0,1,1
222,CHEMBL181207,7.109802613789971,410.22055744000005,0.4583333333333333,6,0,4,6,30,6,0,51.24000000000001,0.7290754339966441,3.1986000000000017,3.211028711218808,1,1,2,2,0,2,0,1,1
223,CHEMBL264242,7.207188228751853,396.20490737600005,0.43478260869565216,6,0,4,6,29,6,0,51.24000000000001,0.7483287757745579,2.637600000000001,2.7981668802997124,1,1,2,2,0,2,0,1,1
224,CHEMBL361309,6.663280167635657,397.188922964,0.43478260869565216,6,0,4,6,29,6,0,57.230000000000004,0.7456753678062142,3.283400000000002,3.1586535726344547,1,1,2,2,0,2,0,1,1
225,CHEMBL179824,6.2889946365144525,383.17327290000003,0.4090909090909091,6,0,4,6,28,6,0,57.230000000000004,0.7645893014244632,2.7224000000000013,2.7459260001974073,1,1,2,2,0,2,0,1,1
226,CHEMBL183184,6.927970799172078,397.188922964,0.43478260869565216,6,0,4,6,29,6,0,57.230000000000004,0.745675367806214,3.283400000000002,3.2062192816242607,1,1,2,2,0,2,0,1,1
227,CHEMBL182251,6.100650147031667,383.17327290000003,0.4090909090909091,6,0,4,6,28,6,0,57.230000000000004,0.7645893014244631,2.7224000000000013,2.7899482224196284,1,1,2,2,0,2,0,1,1
228,CHEMBL180413,6.973630188426282,395.20965840800005,0.4583333333333333,5,0,4,5,29,6,0,48.00000000000001,0.7238144236633892,4.437100000000004,3.1012887904287103,1,1,2,2,0,2,0,1,1
229,CHEMBL180145,6.39464107451115,381.19400834400005,0.43478260869565216,5,0,4,5,28,6,0,48.00000000000001,0.7600718949887766,3.8761000000000028,2.6899482224196287,1,1,2,2,0,2,0,1,1
230,CHEMBL362238,7.418164075942352,395.20965840800005,0.4583333333333333,5,0,4,5,29,6,0,48.00000000000001,0.7238144236633892,4.437100000000004,3.1488544994185137,1,1,2,2,0,2,0,1,1
231,CHEMBL181216,6.574449477462287,381.19400834400005,0.43478260869565216,5,0,4,5,28,6,0,48.00000000000001,0.7600718949887766,3.8761000000000028,2.73397044464185,1,1,2,2,0,2,0,1,1
232,CHEMBL180442,6.394856632019932,381.19400834400005,0.43478260869565216,5,0,4,5,28,6,0,48.00000000000001,0.7555775998595484,4.047000000000003,3.091658897351426,1,1,2,2,0,2,0,1,1
233,CHEMBL180483,6.589897923357139,367.17835828000005,0.4090909090909091,5,0,4,5,27,6,0,48.00000000000001,0.782230051389665,3.4860000000000024,2.675831399621284,1,1,2,2,0,2,0,1,1
234,CHEMBL182252,6.8612868901239885,381.19400834400005,0.43478260869565216,5,0,4,5,28,6,0,48.00000000000001,0.7555775998595483,4.047000000000003,3.141008320428349,1,1,2,2,0,2,0,1,1
235,CHEMBL362583,6.296631229760885,367.17835828000005,0.4090909090909091,5,0,4,5,27,6,0,48.00000000000001,0.7822300513896648,3.4860000000000024,2.7215467842366685,1,1,2,2,0,2,0,1,1
236,CHEMBL181125,5.876148359032914,383.209658408,0.43478260869565216,5,0,3,5,28,8,0,48.0,0.6804170811191076,4.293000000000004,3.1842677435052726,1,0,1,2,0,2,0,0,0
237,CHEMBL180437,5.872895201635192,369.194008344,0.4090909090909091,5,0,3,5,27,8,0,48.0,0.709520792598595,3.732000000000003,2.7730002878181086,1,0,1,2,0,2,0,0,0
238,CHEMBL180640,6.062968830560008,383.209658408,0.43478260869565216,5,0,3,5,28,8,0,48.0,0.6804170811191075,4.293000000000004,3.2288559091857465,1,0,1,2,0,2,0,0,0
239,CHEMBL180645,5.798602875679549,369.194008344,0.4090909090909091,5,0,3,5,27,8,0,48.0,0.709520792598595,3.732000000000003,2.819960611704749,1,0,1,2,0,2,0,0,0
240,CHEMBL178152,6.264824424335831,355.17835828000005,0.38095238095238093,5,0,3,5,26,6,0,48.00000000000001,0.7935101906060887,3.512800000000002,3.097470457537039,1,0,1,2,0,2,0,0,0
241,CHEMBL435897,6.680331908785323,341.16270821600006,0.35,5,0,3,5,25,6,0,48.00000000000001,0.8083971533561936,2.9518000000000013,2.7207721092938026,1,0,1,2,0,2,0,0,0
242,CHEMBL541980,6.398254986364632,355.17835828000005,0.38095238095238093,5,0,3,5,26,6,0,48.00000000000001,0.7935101906060887,3.512800000000002,3.145774303690886,1,0,1,2,0,2,0,0,0
243,CHEMBL181310,5.998266287190999,341.16270821600006,0.35,5,0,3,5,25,6,0,48.00000000000001,0.8083971533561934,2.9518000000000013,2.7717576037992977,1,0,1,2,0,2,0,0,0
244,CHEMBL2312576,7.5951662833800615,352.1575632600001,0.125,3,1,5,3,27,3,0,33.62,0.49813677473898793,5.440300000000004,2.741315186603533,0,1,1,4,0,4,0,0,0
245,CHEMBL2312575,7.686132779630847,367.1320767840001,0.08695652173913043,5,1,5,5,28,3,0,67.53,0.30184784249127516,5.339900000000004,2.9030515161448722,0,1,1,4,0,4,0,0,0
246,CHEMBL2312574,7.384049948343599,323.1422475440001,0.09090909090909091,3,1,5,3,25,2,0,37.28,0.5366575064906048,4.826700000000004,2.9341401532498477,0,1,1,3,1,4,0,0,0
247,CHEMBL2312573,8.142667503568731,354.13682781600005,0.08695652173913043,4,3,5,4,27,2,0,64.85000000000001,0.45124645058218626,4.842900000000004,2.9858407172753925,0,1,1,4,0,4,0,0,0
248,CHEMBL2312285,7.61261017366127,338.1419131960001,0.08695652173913043,3,2,5,3,26,2,0,44.620000000000005,0.49725483733913933,5.137300000000004,2.848750342600802,0,1,1,4,0,4,0,0,0
249,CHEMBL2312284,7.51999305704285,322.14699857600004,0.08695652173913043,2,1,5,2,25,2,0,24.39,0.4888041471043355,5.431700000000005,2.6995918455575403,0,1,1,4,0,4,0,0,0
250,CHEMBL2312282,7.518557371497695,356.10802622400007,0.08695652173913043,2,1,5,3,26,2,0,24.39,0.4319608609759999,6.085100000000004,2.7568604325108907,0,1,1,4,0,4,0,0,0
251,CHEMBL2323356,4.076755981369724,379.225977168,0.391304347826087,5,1,3,5,28,8,0,53.93,0.5642329237577054,3.4901000000000026,2.0186173007602246,0,1,1,2,0,2,0,1,1
252,CHEMBL2323355,4.709965388637482,365.210327104,0.36363636363636365,5,1,3,5,27,7,0,53.93,0.6059120706572423,3.1000000000000014,1.9703836054602224,0,1,1,2,0,2,0,1,1
253,CHEMBL187460,5.193141970481182,296.14124449999997,0.47368421052631576,3,0,4,3,22,0,0,43.370000000000005,0.6887651703545593,3.4433000000000025,3.563047613478121,2,1,3,1,0,1,0,0,0
254,CHEMBL227075,5.709965388637482,278.094294308,0.2222222222222222,3,0,4,3,21,0,0,43.370000000000005,0.6944502693659184,3.2910200000000023,3.186039781312415,1,1,2,2,0,2,0,0,0
255,CHEMBL3093804,7.698970004336019,534.124523352,0.46153846153846156,2,0,3,4,30,13,0,7.76,0.21531796504565645,0.02400000000000424,3.9266319357738624,0,0,0,1,2,3,0,0,0
256,CHEMBL3093802,6.3979400086720375,506.0932232239999,0.4166666666666667,2,0,3,4,28,11,0,7.76,0.2380506556938206,-0.7561999999999951,3.925671583655399,0,0,0,1,2,3,0,0,0
257,CHEMBL24686,8.769551078621726,526.220282668,0.5172413793103449,9,2,5,9,38,4,0,124.66000000000003,0.6162348085242932,3.4536000000000024,4.677258586781506,2,1,3,1,1,2,1,0,1
258,CHEMBL3099500,8.829738284605043,1150.6004094559999,0.373134328358209,18,7,9,18,85,29,0,234.10999999999996,0.01717205607664578,8.88370000000001,4.863684853217483,2,0,2,5,2,7,0,0,0
259,CHEMBL3099499,8.29929628285498,1150.600409456,0.373134328358209,18,7,9,18,85,29,0,234.10999999999996,0.01717205607664578,8.883700000000005,4.863684853217483,2,0,2,5,2,7,0,0,0
260,CHEMBL3099498,8.71669877129645,1135.5895104239999,0.373134328358209,17,7,9,17,84,29,0,230.87,0.01716029579174066,10.122199999999996,4.7827468522093675,2,0,2,5,2,7,0,0,0
261,CHEMBL3099497,9.638272163982407,521.351846376,0.47058823529411764,5,4,6,5,39,11,0,75.86,0.1377227015619191,7.987400000000007,2.8248585505411725,2,0,2,2,2,4,0,0,0
262,CHEMBL3099496,9.10790539730952,551.326025552,0.47058823529411764,7,2,6,7,41,12,0,92.98,0.10446191714550383,8.313400000000005,2.884658958899333,2,0,2,2,2,4,0,0,0
263,CHEMBL3115037,5.6968039425795105,713.2813611040001,0.2857142857142857,9,2,9,11,53,3,0,102.06,0.28620576253229724,5.122000000000004,5.640013807384756,0,5,5,4,0,4,0,3,3
264,CHEMBL3122167,7.136677139879544,365.12948994000004,0.23809523809523808,4,2,4,5,26,3,0,54.02,0.7091431899243933,4.663000000000003,2.3636701048482767,0,1,1,2,1,3,0,0,0
265,CHEMBL3122149,5.630784142589857,455.17644013200004,0.21428571428571427,4,1,5,5,33,5,0,45.230000000000004,0.38609779870707195,6.257700000000006,2.302601141551966,0,1,1,3,1,4,0,0,0
266,CHEMBL3235215,5.206279443186476,362.150953656,0.3888888888888889,6,3,3,7,25,6,0,86.61,0.31896841529826075,2.913600000000001,3.735630757292891,1,0,1,1,1,2,0,0,0
267,CHEMBL3235216,5.826231176863351,340.189926008,0.42105263157894735,6,3,3,6,25,7,0,86.61,0.3129957844441029,2.881900000000001,2.5625081381787513,1,0,1,1,1,2,0,0,0
268,CHEMBL3235217,5.511872503752541,351.16952491200004,0.3684210526315789,7,3,3,7,26,6,0,110.39999999999999,0.3202379854408269,2.38558,2.711086720232892,1,0,1,1,1,2,0,0,0
269,CHEMBL3235218,6.230548820597962,368.221226136,0.47619047619047616,6,3,3,6,27,9,0,86.61,0.27278906438187833,3.6621000000000015,2.571480197475802,1,0,1,1,1,2,0,0,0
270,CHEMBL3235221,4.505567101273601,353.1739415960001,0.35,6,1,3,6,26,7,0,75.02000000000001,0.3583789670173036,3.0153000000000016,2.386216938856373,0,1,1,1,1,2,0,1,1
271,CHEMBL3235227,4.258218303856833,354.169190564,0.3684210526315789,7,1,3,7,26,7,0,87.91,0.35550362723701984,2.4103000000000003,2.5672517566701387,0,1,1,1,1,2,0,1,1
272,CHEMBL3233832,8.576754126063193,727.257976836,0.36585365853658536,8,4,7,10,51,12,0,128.62,0.07455883623927725,9.065199999999999,5.84827734379637,1,2,3,3,1,4,0,0,0
273,CHEMBL3327249,7.106793246940152,567.2344911639999,0.3870967741935484,7,2,5,10,41,11,0,93.46000000000001,0.15113268964979817,6.911000000000006,2.760560802510268,1,0,1,2,2,4,0,0,0
274,CHEMBL3327248,7.040481623027002,543.273321284,0.40625,8,2,5,8,40,12,0,102.69,0.16612790191979496,6.029600000000006,2.657814445895312,1,0,1,2,2,4,0,0,0
275,CHEMBL3327247,7.17979854051436,497.26784198000007,0.3870967741935484,6,2,5,6,37,10,0,84.23,0.1978054152546853,6.3208200000000065,2.562477713850466,1,0,1,2,2,4,0,0,0
276,CHEMBL3327246,7.2949920406666635,513.2627566,0.3870967741935484,7,2,5,7,38,11,0,93.46,0.18813942048586565,6.021000000000006,2.5716952184460755,1,0,1,2,2,4,0,0,0
277,CHEMBL3326711,7.258060922270801,513.2627566,0.3870967741935484,7,2,5,7,38,11,0,93.46,0.18813942048586565,6.021000000000006,2.5708532226040806,1,0,1,2,2,4,0,0,0
278,CHEMBL3326710,7.374687549038326,483.25219191599996,0.36666666666666664,6,2,5,6,36,10,0,84.22999999999999,0.21306923272708986,6.012400000000006,2.485926340232533,1,0,1,2,2,4,0,0,0
279,CHEMBL3326709,7.2247537402597635,553.2188411,0.36666666666666664,7,2,5,10,40,10,0,93.46000000000001,0.17157647716568286,6.5209000000000055,2.7370814658468756,1,0,1,2,2,4,0,0,0
280,CHEMBL3326708,7.251037138743839,529.2576712199999,0.3870967741935484,8,2,5,8,39,11,0,102.69,0.19146218440687987,5.639500000000005,2.632825389347772,1,0,1,2,2,4,0,0,0
281,CHEMBL3326707,7.521433504406157,483.2521919160001,0.36666666666666664,6,2,5,6,36,9,0,84.23,0.22765567180509225,5.930720000000005,2.538705241331435,1,0,1,2,2,4,0,0,0
282,CHEMBL3326706,7.614393726401688,499.24710653600005,0.36666666666666664,7,2,5,7,37,10,0,93.46,0.21695050632130022,5.630900000000005,2.546854636927389,1,0,1,2,2,4,0,0,0
283,CHEMBL3326705,7.510041520575165,499.247106536,0.36666666666666664,7,2,5,7,37,10,0,93.46,0.21695050632130022,5.630900000000005,2.5459892523120047,1,0,1,2,2,4,0,0,0
284,CHEMBL3326704,7.777283528852417,469.23654185199996,0.3448275862068966,6,2,5,6,35,9,0,84.22999999999999,0.24541972637651874,5.622300000000005,2.4612214563666246,1,0,1,2,2,4,0,0,0
285,CHEMBL3326703,7.118615343229427,539.2031910359999,0.3448275862068966,7,2,5,10,39,9,0,93.46000000000001,0.19636308777736167,6.130800000000005,2.7142848199614065,1,0,1,2,2,4,0,0,0
286,CHEMBL3326702,7.154901959985743,515.2420211559999,0.36666666666666664,8,2,5,8,38,10,0,102.69,0.21965864055452677,5.249400000000004,2.6084407221315775,1,0,1,2,2,4,0,0,0
287,CHEMBL3326701,7.446116973356125,469.2365418520001,0.3448275862068966,6,2,5,6,35,8,0,84.23,0.26142595957962966,5.540620000000005,2.5156240175404587,1,0,1,2,2,4,0,0,0
288,CHEMBL3326700,7.404503778174426,485.23145647200005,0.3448275862068966,7,2,5,7,36,9,0,93.46,0.2487442628054643,5.240800000000005,2.522635790781983,1,0,1,2,2,4,0,0,0
289,CHEMBL3326699,7.3535962737769305,485.231456472,0.3448275862068966,7,2,5,7,36,9,0,93.46,0.24874426280546413,5.240800000000005,2.5217456808918737,1,0,1,2,2,4,0,0,0
290,CHEMBL3326698,7.46344155742847,455.22089178799996,0.32142857142857145,6,2,5,6,34,8,0,84.22999999999999,0.28065452718602846,5.232200000000004,2.437155553961478,1,0,1,2,2,4,0,0,0
291,CHEMBL3322141,7.094743951251549,436.3202119,0.6296296296296297,5,2,4,5,32,10,0,57.260000000000005,0.5102873582551507,5.076500000000005,2.537219189204448,2,0,2,1,1,2,1,0,1
292,CHEMBL3322142,6.701146923590294,450.335861964,0.6428571428571429,5,2,4,5,33,11,0,57.260000000000005,0.4460217688684286,5.466600000000005,2.5497214577692553,2,0,2,1,1,2,1,0,1
293,CHEMBL3322160,8.387216143280265,471.21580640800005,0.32142857142857145,7,3,5,7,35,8,0,104.46000000000001,0.25861790900327125,4.476600000000003,2.605433972291591,1,0,1,2,2,4,0,0,0
294,CHEMBL3322161,5.7121982700697735,474.136176184,0.2,8,4,5,9,34,3,0,116.49000000000001,0.20261196608165605,3.4859000000000027,2.688001971543896,1,0,1,2,2,4,0,0,0
295,CHEMBL3322162,5.627087997029893,514.131090804,0.2222222222222222,9,2,6,10,37,4,0,125.1,0.314659260722597,3.6353000000000026,3.0529000359209197,1,1,2,2,2,4,0,1,1
296,CHEMBL2158994,5.097453220686009,295.15722891200005,0.21052631578947367,3,0,2,3,22,7,0,29.54,0.5779681836651235,3.523100000000002,1.806296983560383,0,0,0,2,0,2,0,0,0
297,CHEMBL3586199,5.603800652904264,544.4127748919999,0.9411764705882353,5,1,5,5,39,2,0,72.83000000000001,0.3649829262036877,7.4761000000000095,4.930798153257411,5,0,5,0,0,0,5,0,5
298,CHEMBL3586200,5.098541678603888,636.402604132,0.7435897435897436,7,4,6,7,46,6,0,124.29,0.19457347624748345,7.066100000000009,5.149313507447781,5,0,5,1,0,1,4,0,4
299,CHEMBL3586207,5.931814138253838,184.109944372,0.5,3,2,0,3,13,6,0,57.53,0.48796929716213,1.7345,3.051690073675438,0,0,0,0,0,0,0,0,0
300,CHEMBL3585778,10.640164517660113,394.119857424,0.2777777777777778,8,2,2,9,27,8,0,102.96,0.7131871170819913,2.5256000000000007,2.667094263526611,0,0,0,2,0,2,0,0,0
301,CHEMBL3585779,10.978810700930062,394.119857424,0.2777777777777778,8,2,2,9,27,8,0,102.96,0.7131871170819916,2.5256000000000007,2.7759213404496883,0,0,0,2,0,2,0,0,0
302,CHEMBL3585780,10.41793663708829,230.072513308,0.3333333333333333,5,3,1,6,15,4,0,81.41999999999999,0.792115453949882,0.5493000000000001,2.4753038820309676,0,0,0,1,0,1,0,0,0
303,CHEMBL3621322,10.096910013008056,840.2773606161802,0.5675675675675675,12,0,3,14,51,22,0,130.28,0.04406155738316042,7.74482000000001,3.6629002817003524,0,0,0,2,1,3,0,0,0
304,CHEMBL3621333,7.299988937677888,886.26171055218,0.4634146341463415,12,0,5,14,55,8,0,130.28,0.09929357431226117,8.418820000000007,6.475980279108131,0,1,1,3,1,4,0,0,0
305,CHEMBL3632994,7.305394801066432,591.3227700120001,0.5428571428571428,6,3,5,7,42,11,0,83.48,0.1964654941143549,8.050460000000008,3.510006646652135,1,1,2,2,1,3,0,0,0
306,CHEMBL603622,6.853871964321762,234.029324702,0.625,6,0,2,7,15,1,0,71.06,0.5016628565350871,1.2347,4.435773430216883,0,2,2,0,0,0,0,1,1
307,CHEMBL3752467,9.142667503568731,441.27801274,0.41379310344827586,4,2,5,4,33,11,0,50.09,0.24576008846155442,7.012000000000007,2.484208877565953,1,0,1,2,2,4,0,0,0
308,CHEMBL3786651,9.008773924307505,248.15247788,0.5,4,1,2,4,18,2,0,41.57,0.8671434800063993,1.8237,2.6723114199881977,1,0,1,1,0,1,0,0,0
309,CHEMBL3786516,9.173925197299173,248.15247788,0.5,4,1,2,4,18,2,0,41.57,0.8671434800063993,1.8237,2.584152958449735,1,0,1,1,0,1,0,0,0
310,CHEMBL3787502,8.97469413473523,248.15247788,0.5,4,1,2,4,18,2,0,41.57,0.8671434800063992,1.8236999999999999,2.5995304969112727,1,0,1,1,0,1,0,0,0
311,CHEMBL3785269,9.346787486224656,284.1194635,0.5384615384615384,5,1,2,6,19,4,0,58.64,0.8952867028416926,0.9484999999999999,2.815559410893581,1,0,1,1,0,1,0,0,0
312,CHEMBL3787223,8.978810700930062,284.1194635,0.5384615384615384,5,1,2,6,19,4,0,58.64,0.8952867028416926,0.9484999999999999,2.7307916594142903,1,0,1,1,0,1,0,0,0
313,CHEMBL3786448,9.080921907623926,284.1194635,0.5384615384615384,5,1,2,6,19,4,0,58.64,0.8952867028416926,0.9484999999999999,2.7455777540888455,1,0,1,1,0,1,0,0,0
314,CHEMBL3786937,8.79860287567955,234.136827816,0.46153846153846156,4,2,2,4,17,1,0,52.57000000000001,0.7737602503331259,1.5207,2.8071467395029597,1,0,1,1,0,1,0,0,0
315,CHEMBL3785391,8.876148359032914,234.136827816,0.46153846153846156,4,2,2,4,17,1,0,52.57000000000001,0.7737602503331259,1.5206999999999997,2.7324040226453494,1,0,1,1,0,1,0,0,0
316,CHEMBL3785207,8.7594507517174,234.136827816,0.46153846153846156,4,2,2,4,17,1,0,52.57000000000001,0.7737602503331259,1.5206999999999997,2.748763106115071,1,0,1,1,0,1,0,0,0
317,CHEMBL3786873,8.872895201635192,270.103813436,0.5,5,2,2,6,18,3,0,69.64,0.8468334475859705,0.6454999999999999,2.950492123284901,1,0,1,1,0,1,0,0,0
318,CHEMBL3786442,8.913640169325252,270.103813436,0.5,5,2,2,6,18,3,0,69.64,0.8468334475859705,0.6455000000000003,2.8788001295643344,1,0,1,1,0,1,0,0,0
319,CHEMBL3786719,9.142667503568731,270.103813436,0.5,5,2,2,6,18,3,0,69.64,0.8468334475859705,0.6454999999999997,2.8944914953414145,1,0,1,1,0,1,0,0,0
320,CHEMBL3818801,6.008773924307505,361.16779359599997,0.34782608695652173,4,0,5,4,27,3,0,38.77,0.775054516311128,3.9927000000000037,2.576089038761099,1,2,3,2,0,2,0,1,1
321,CHEMBL3819247,4.401537799525849,391.17835828,0.375,5,0,5,5,29,4,0,48.0,0.7375510943095933,4.001300000000003,2.615219853647922,1,2,3,2,0,2,0,1,1
322,CHEMBL3818918,4.739928612014925,391.17835828,0.375,5,0,5,5,29,4,0,48.0,0.7375510943095933,4.001300000000003,2.6683125233311795,1,2,3,2,0,2,0,1,1
323,CHEMBL3818415,5.549442990581671,363.18344366,0.34782608695652173,4,1,4,4,27,4,0,49.77,0.8350918032555867,3.978200000000003,2.5233082103587314,1,1,2,2,0,2,0,1,1
324,CHEMBL3819155,5.549442990581671,363.18344366,0.34782608695652173,4,1,4,4,27,4,0,49.77,0.8350918032555867,3.978200000000003,2.526166198524413,1,1,2,2,0,2,0,1,1
325,CHEMBL3818230,5.374276090474244,333.172878976,0.3181818181818182,3,1,4,3,25,3,0,40.540000000000006,0.8641978395594557,3.9696000000000033,2.46322742163502,1,1,2,2,0,2,0,1,1
326,CHEMBL3818616,6.449771646944906,333.172878976,0.3181818181818182,3,1,4,3,25,3,0,40.540000000000006,0.8641978395594556,3.969600000000004,2.487279897925852,1,1,2,2,0,2,0,1,1
327,CHEMBL3819646,5.703334809738469,333.172878976,0.3181818181818182,3,1,4,3,25,3,0,40.540000000000006,0.8641978395594557,3.9696000000000033,2.4422059253231136,1,1,2,2,0,2,0,1,1
328,CHEMBL168938,7.455931955649724,377.199093724,0.375,4,0,4,4,28,5,0,38.77,0.7292364109220905,4.281200000000004,2.4299545532096705,1,1,2,2,0,2,0,1,1
329,CHEMBL3819220,6.585026652029182,347.18852904000005,0.34782608695652173,3,0,4,3,26,4,0,29.54,0.7736178513136426,4.272600000000004,2.373824631164066,1,1,2,2,0,2,0,1,1
330,CHEMBL3818167,5.736363931411892,347.18852904000005,0.34782608695652173,3,0,4,3,26,4,0,29.54,0.7736178513136426,4.272600000000004,2.433204590678235,1,1,2,2,0,2,0,1,1
331,CHEMBL3818084,7.537602002101044,347.18852904,0.34782608695652173,3,0,4,3,26,4,0,29.54,0.7736178513136426,4.272600000000004,2.3604776676013124,1,1,2,2,0,2,0,1,1
332,CHEMBL3819531,6.2564902352715706,377.199093724,0.375,4,0,4,4,28,5,0,38.77,0.7292364109220905,4.281200000000004,2.4480502797053987,1,1,2,2,0,2,0,1,1
333,CHEMBL3819574,4.763714722551971,377.19909372399997,0.375,4,0,4,4,28,5,0,38.77,0.7292364109220905,4.281200000000004,2.5162878865430063,1,1,2,2,0,2,0,1,1
334,CHEMBL489354,5.363512103646634,342.18310931199994,0.38095238095238093,4,3,2,4,25,10,0,77.76,0.42113002963586,4.9595000000000065,2.118057953403076,0,0,0,2,0,2,0,0,0
335,CHEMBL524100,5.232102383981909,358.178023932,0.38095238095238093,5,4,2,5,26,10,0,97.99000000000001,0.2811183938465369,4.665100000000006,2.270463841413081,0,0,0,2,0,2,0,0,0
336,CHEMBL3910142,7.823908740944319,452.257611644,0.3793103448275862,5,1,4,5,34,9,0,63.39,0.46506466611600056,4.960180000000005,3.3741009465591585,0,1,1,2,1,3,0,1,1
337,CHEMBL3921061,6.2839966563652006,311.115758024,0.1111111111111111,5,1,2,5,23,4,0,66.84,0.6943619992139872,3.348700000000002,2.115160686435372,0,0,0,2,0,2,0,0,0
338,CHEMBL4080105,6.318758762624412,436.272593012,0.4444444444444444,5,1,3,5,32,12,0,50.800000000000004,0.33882848395660387,5.772200000000006,2.082571889695446,0,1,1,2,0,2,0,1,1
339,CHEMBL4095908,6.060480747381382,409.17902697600005,0.23076923076923078,5,2,6,5,31,2,0,70.26,0.4235145532427707,5.3853000000000035,3.2130559714786457,1,1,2,2,2,4,0,0,0
340,CHEMBL4066365,5.050609993355087,230.05303734999998,0.4,2,0,1,4,14,5,0,26.3,0.7258903928996511,3.2946000000000017,3.272952887380727,0,0,0,1,0,1,0,0,0
341,CHEMBL4104952,5.575118363368933,372.14209182400003,0.05,2,2,4,7,27,1,0,29.9,0.15736254668566352,5.366700000000003,4.025817645829705,0,0,0,3,1,4,0,0,0
342,CHEMBL4080726,4.87942606879415,428.20469208000003,0.20833333333333334,2,0,4,7,31,4,0,7.12,0.15319536514320425,6.630700000000007,4.108321622154433,0,0,0,3,1,4,0,0,0
343,CHEMBL4077169,5.396855627379818,280.15756325999996,0.3333333333333333,3,0,4,3,21,1,0,15.71,0.7976367700631357,3.1895000000000016,2.2251197990922194,0,2,2,2,0,2,0,1,1
344,CHEMBL4065259,5.425968732272281,296.13471963999996,0.3333333333333333,2,0,4,3,21,1,0,6.48,0.7876851822462086,3.906100000000003,2.4339063995884977,0,2,2,2,0,2,0,1,1
345,CHEMBL4075825,5.476253533188435,262.121846448,0.125,4,0,4,4,20,1,0,33.95,0.6757628630054445,2.9971000000000014,2.4475888071254666,0,1,1,2,1,3,0,0,0
346,CHEMBL4088659,5.191789027075778,312.137496512,0.1,4,0,5,4,24,1,0,33.95,0.5292978128005903,4.150300000000003,2.348183833242455,0,1,1,3,1,4,0,0,0
347,CHEMBL4162224,4.223298816011589,150.013935812,0.125,1,0,2,2,10,0,0,17.07,0.5628501990812792,2.0736,2.3336608786118536,0,1,1,1,0,1,0,0,0
348,CHEMBL4166725,4.928117992693875,194.99901402,0.125,4,0,2,5,13,1,0,60.209999999999994,0.507447657908865,1.9818000000000005,2.672082057701134,0,1,1,1,0,1,0,0,0
349,CHEMBL4168617,4.250263684430939,497.01980272,0.3,7,3,5,11,31,0,0,111.61999999999999,0.5091370942780225,3.188600000000001,6.287535669616939,1,3,4,0,1,1,0,0,0
350,CHEMBL4160694,4.008773924307505,574.9303147879999,0.25,7,4,5,12,32,0,0,114.78000000000002,0.3774831258995832,3.479000000000001,6.069844956427997,1,3,4,0,1,1,0,0,0
351,CHEMBL462946,4.642065152999546,526.976223656,0.3,7,3,6,12,32,0,0,111.61999999999999,0.4771591640745789,3.241600000000001,6.464344569743567,0,5,5,0,1,1,0,1,1
352,CHEMBL4167524,7.4301581005962385,391.12758566,0.5,4,0,3,6,26,6,0,42.68,0.4015966480346613,4.764420000000005,2.448609797155969,0,1,1,1,1,2,0,1,1
353,CHEMBL4171520,5.411168274405792,340.13578226,0.3333333333333333,5,4,4,6,24,2,0,72.2,0.7302609474094177,2.9406000000000008,3.262017480260548,1,1,2,1,1,2,0,0,0
354,CHEMBL4174958,6.8326826652518236,388.035729644,0.29411764705882354,4,4,4,6,23,1,0,62.97,0.649666403900705,3.6945000000000014,3.3685036830540316,1,1,2,1,1,2,0,0,0
355,CHEMBL4207101,8.006563769502389,384.139782256,0.25,6,2,4,8,28,5,0,76.02000000000001,0.7081524995388476,2.3492000000000006,2.370049275431894,0,1,1,2,1,3,0,0,0
356,CHEMBL4210729,8.48412615628832,580.2241185959999,0.2647058823529412,7,2,6,8,42,9,0,85.25,0.197881231104401,6.370800000000005,2.643872092269275,1,0,1,3,2,5,0,0,0
357,CHEMBL4292643,4.376750709602099,477.940677664,0.2,6,3,2,9,24,6,0,83.44000000000001,0.1878156239044712,-5.079699999999994,3.5506849674515575,0,0,0,0,2,2,0,0,0
358,CHEMBL4284764,4.443697499232713,491.956327728,0.25,6,3,2,9,25,7,0,83.44000000000001,0.13341146291519165,-4.689599999999993,3.5110863682087894,0,0,0,0,2,2,0,0,0
359,CHEMBL4289221,4.619788758288394,489.940677664,0.125,6,3,2,9,25,6,0,83.44000000000001,0.13938678658345421,-4.9135999999999935,3.873696471538296,0,0,0,0,2,2,0,0,0
360,CHEMBL4281350,4.6777807052660805,511.90170531199993,0.2,6,3,2,10,25,6,0,83.44000000000001,0.17651054949845477,-4.426299999999995,3.7029001872255938,0,0,0,0,2,2,0,0,0
361,CHEMBL4285826,4.920818753952375,525.917355376,0.25,6,3,2,10,26,7,0,83.44000000000001,0.12611435638565002,-4.036199999999995,3.6602415295974398,0,0,0,0,2,2,0,0,0
362,CHEMBL4277895,4.657577319177793,523.9017053120001,0.125,6,3,2,10,26,6,0,83.44000000000001,0.13137224649454016,-4.260199999999995,3.995545208527206,0,0,0,0,2,2,0,0,0
363,CHEMBL33051,4.6020599913279625,358.05994573199996,0.14285714285714285,7,3,2,9,23,6,0,92.67,0.232729304652785,-6.191599999999993,3.771689897043313,0,0,0,0,2,2,0,0,0
364,CHEMBL397871,4.136677139879544,443.97965001600005,0.2,6,3,2,8,23,6,0,83.44000000000001,0.2008810656798537,-5.733099999999994,3.38415391689443,0,0,0,0,2,2,0,0,0
365,CHEMBL238977,4.045757490560675,455.97965001600005,0.125,6,3,2,8,24,6,0,83.44000000000001,0.14898883232681154,-5.566999999999994,3.712318011090611,0,0,0,0,2,2,0,0,0
366,CHEMBL4292235,6.721246399047171,420.16852186799997,0.20833333333333334,7,1,3,7,31,7,0,88.85,0.46509866743931905,3.471720000000002,2.359566303071894,0,0,0,2,1,3,0,0,0
367,CHEMBL4284495,7.958607314841775,451.19948764799994,0.38461538461538464,7,0,4,7,33,8,0,78.21000000000001,0.4734267914217271,4.269300000000004,2.3244248510661354,0,1,1,2,1,3,0,1,1
368,CHEMBL4286799,7.2441251443275085,390.1943426919999,0.3333333333333333,5,1,4,5,29,6,0,62.550000000000004,0.694938683383289,3.8251000000000026,2.095529717901316,0,1,1,2,1,3,0,1,1
369,CHEMBL4277548,7.920818753952375,435.1794208999999,0.3333333333333333,8,1,4,8,32,7,0,105.69000000000001,0.44773203862141125,3.7333000000000025,2.31468264540597,0,1,1,2,1,3,0,1,1
370,CHEMBL4292477,7.207608310501746,405.20524172399996,0.3333333333333333,6,3,4,6,30,6,0,88.57,0.6137703303618082,3.407300000000002,2.2595339796877933,0,1,1,2,1,3,0,1,1
371,CHEMBL4287970,7.4089353929735005,450.21547205999997,0.38461538461538464,7,1,4,7,33,8,0,81.01,0.5616599644202526,3.8423000000000025,2.2733500332523704,0,1,1,2,1,3,0,1,1
372,CHEMBL4284165,7.958607314841775,420.2049073759999,0.36,6,2,4,6,31,7,0,82.78,0.5662994047237446,3.9208000000000034,2.274140626679321,0,1,1,2,1,3,0,1,1
373,CHEMBL4294783,7.6777807052660805,464.23112212399997,0.4074074074074074,7,1,4,7,34,9,0,81.01,0.47748473679889875,4.232400000000004,2.3026847030980555,0,1,1,2,1,3,0,1,1
374,CHEMBL4293801,7.221848749616356,449.23145647199993,0.38461538461538464,7,2,4,7,33,8,0,83.66000000000001,0.5492989450093437,3.5774000000000026,2.3161696283940696,0,1,1,2,1,3,0,1,1
375,CHEMBL4283390,5.494850021680094,476.3402786479999,0.5161290322580645,4,2,3,4,35,7,0,52.57000000000001,0.45352689621322334,6.418900000000008,2.5117275441533238,0,1,1,2,0,2,0,1,1
376,CHEMBL4292766,5.853871964321762,494.33085683599995,0.5161290322580645,4,2,3,5,36,7,0,52.57000000000001,0.42881797026168705,6.558000000000008,2.6143207458269373,0,1,1,2,0,2,0,1,1
377,CHEMBL362378,5.131355561605174,322.12050905599995,0.15,4,2,3,4,24,3,0,66.76,0.6570141963292949,4.178100000000004,2.6408670175376656,0,1,1,2,0,2,0,0,0
378,CHEMBL3417009,7.795880017344075,392.223055976,0.6818181818181818,4,2,3,5,27,7,0,55.56,0.5122893755677398,5.186000000000005,2.36485822957029,1,1,2,1,0,1,1,1,2
379,CHEMBL4582736,6.200659450546418,422.23179081999996,0.4166666666666667,7,0,4,7,31,5,0,57.61,0.740972729290766,3.153200000000002,2.732210620675602,0,2,2,2,0,2,0,1,1
380,CHEMBL4458648,6.917214629683549,362.156517704,0.23809523809523808,4,3,4,5,26,4,0,48.98,0.48173142730869917,4.104800000000003,2.251367751201922,1,0,1,2,1,3,0,0,0
381,CHEMBL4444497,6.056011124926228,414.13463489599997,0.18181818181818182,6,3,3,7,29,8,0,74.97,0.48360854344751564,5.352400000000005,2.157619705761375,0,0,0,3,0,3,0,0,0
382,CHEMBL4579543,7.216167856615559,363.03251964,0.0,8,3,3,10,25,2,0,132.08999999999997,0.6694739657264066,0.16479999999999922,2.4761713719232485,0,0,0,2,1,3,0,0,0
383,CHEMBL4444582,7.216167856615559,363.03251964,0.0,8,3,3,10,25,2,0,132.08999999999997,0.6694739657264066,0.16479999999999967,2.379802141154018,0,0,0,2,1,3,0,0,0
384,CHEMBL4524569,7.216167856615559,390.02701965999995,0.0,11,3,3,12,27,3,0,175.23,0.46450600964660715,-0.06610000000000049,2.5788446130498226,0,0,0,2,1,3,0,0,0
385,CHEMBL4453373,7.216167856615559,390.02701965999995,0.0,11,3,3,12,27,3,0,175.23,0.46450600964660715,-0.06610000000000005,2.4869004613111514,0,0,0,2,1,3,0,0,0
386,CHEMBL4541764,7.216167856615559,389.03177069199995,0.0,10,4,3,11,27,3,0,169.38999999999996,0.5530736002259526,-0.2760999999999998,2.406490345399664,0,0,0,2,1,3,0,0,0
387,CHEMBL4456083,7.053056729302175,631.3886258080001,0.425,7,1,6,7,47,15,0,72.28,0.11720208518822493,8.607300000000006,2.838188673141323,1,0,1,3,2,5,0,0,0
388,CHEMBL4441666,8.430626090384955,603.35732568,0.39473684210526316,7,2,6,7,45,13,0,81.07,0.13467422919945157,7.730900000000008,2.7653928254436586,1,0,1,3,2,5,0,0,0
389,CHEMBL4447210,7.777283528852417,681.317117744,0.41025641025641024,7,2,6,9,48,16,0,81.07,0.07966146966899566,8.722200000000004,3.04681527945327,1,0,1,3,2,5,0,0,0
390,CHEMBL4474399,6.889410289700751,419.246043916,0.4444444444444444,4,0,4,4,31,9,0,42.68,0.3877024521636545,6.193520000000007,2.1839743713961433,0,1,1,2,1,3,0,1,1
391,CHEMBL4583534,7.0,348.181333396,0.4,2,1,3,5,25,5,0,15.27,0.8581894563847011,4.459600000000004,1.8460858515612593,0,1,1,2,0,2,0,1,1
392,CHEMBL4648322,7.718966632752272,436.1998219959999,0.36,7,2,4,7,32,7,0,89.80000000000001,0.5422986402808435,4.097300000000003,3.031009733880686,1,0,1,2,1,3,1,0,1
393,CHEMBL2314726,7.029653123769907,436.1998219959999,0.36,7,2,4,7,32,7,0,89.80000000000001,0.5422986402808435,4.097300000000003,3.031009733880686,1,0,1,2,1,3,1,0,1
394,CHEMBL4759108,7.522878745280337,343.12446653999996,0.23529411764705882,6,0,4,8,25,3,0,58.290000000000006,0.7288057319554107,2.7364000000000006,2.3317212045644187,0,1,1,1,2,3,0,1,1
395,CHEMBL4792387,4.292429823902063,253.15789760799998,0.375,3,0,3,3,19,2,0,29.020000000000003,0.8219663505836768,3.3004000000000016,2.5980814100482714,0,1,1,0,2,2,0,1,1
396,CHEMBL4760940,6.769551078621726,289.096359972,0.0,6,1,4,6,22,3,0,76.73,0.6223900752614803,3.423400000000001,2.203745734809134,0,0,0,2,2,4,0,0,0
397,CHEMBL4793341,7.638272163982407,350.160597952,0.3684210526315789,3,1,3,6,25,6,0,24.5,0.8537742521548037,3.9493000000000027,2.372896614788308,0,1,1,2,0,2,0,1,1
398,CHEMBL4752175,9.341035157335565,559.060604912,0.2222222222222222,5,0,6,9,36,4,0,40.8,0.3604991811597504,2.6895000000000024,4.353806430730271,0,2,2,2,2,4,0,0,0
399,CHEMBL4790545,6.6777807052660805,402.2307282,0.34615384615384615,4,1,4,4,30,7,0,41.57,0.6123425964498369,4.880500000000005,1.949076480290639,0,1,1,3,0,3,0,1,1
400,CHEMBL4754487,9.167491087293763,547.260169756,0.4375,6,3,5,7,39,11,0,83.48,0.17346376102575098,7.277200000000008,4.311933926437834,2,0,2,2,1,3,0,0,0
401,CHEMBL4751100,9.87942606879415,579.3227700120001,0.5588235294117647,6,3,5,7,41,14,0,75.64,0.16798888987473534,7.997300000000008,3.4665444164160544,1,1,2,2,1,3,0,0,0
402,CHEMBL4790766,8.096910013008056,617.171097044,0.35714285714285715,12,1,4,14,42,9,0,140.26,0.35284446601519764,3.768620000000003,2.630836024521308,0,1,1,2,1,3,0,1,1
403,CHEMBL4800260,6.301029995663981,504.21797059600004,0.3,5,0,5,6,36,6,0,38.77,0.38008853205037574,1.9970000000000014,2.8766783764316273,1,1,2,3,0,3,0,1,1
404,CHEMBL4791075,6.0,582.1284826640001,0.3,5,0,5,7,37,6,0,38.77,0.3305733528043088,2.650400000000002,2.9648933943238376,1,1,2,3,0,3,0,1,1
405,CHEMBL4783427,6.404503778174426,648.356322636,0.34146341463414637,7,1,5,7,48,19,0,75.38,0.09000033912228345,8.527800000000006,2.7891195651675567,0,0,0,4,1,5,0,0,0
406,CHEMBL4868687,4.995678626217358,288.07217687200006,0.25,5,1,1,8,20,4,0,67.75999999999999,0.3984149965314843,2.06732,2.439241484796373,0,0,0,1,0,1,0,0,0
407,CHEMBL1995010,6.409269594207309,278.043521688,0.14285714285714285,2,0,2,4,18,4,0,34.14,0.8010909629530139,3.6171200000000026,1.976489634136712,0,0,0,2,0,2,0,0,0
408,CHEMBL4845755,6.485585079419631,296.034099876,0.14285714285714285,2,0,2,5,19,4,0,34.14,0.805711752809419,3.7562200000000026,2.0639252860499173,0,0,0,2,0,2,0,0,0
409,CHEMBL4863431,6.146058554119509,312.004549336,0.14285714285714285,2,0,2,5,19,4,0,34.14,0.7906017965443044,4.270520000000004,2.057179857893166,0,0,0,2,0,2,0,0,0
410,CHEMBL4867081,6.599634726650061,323.028599896,0.14285714285714285,5,0,2,7,21,5,0,77.28,0.47774148882725437,3.5253200000000025,2.194850782235884,0,0,0,2,0,2,0,0,0
411,CHEMBL4858117,6.781202001888262,303.038770656,0.13333333333333333,3,0,2,5,20,4,0,57.93,0.8112786695502334,3.488800000000002,2.2277660701167132,0,0,0,2,0,2,0,0,0
412,CHEMBL4868918,6.830031826003108,346.030906316,0.2,2,0,2,7,22,4,0,34.14,0.7567496077732279,4.635920000000003,2.212184126417526,0,0,0,2,0,2,0,0,0
413,CHEMBL4860610,6.702896349850743,362.02582093600006,0.2,3,0,2,8,23,5,0,43.370000000000005,0.7339594597792458,4.515720000000003,2.272056256490316,0,0,0,2,0,2,0,0,0
414,CHEMBL4875944,6.660151216962364,308.05408637200003,0.2,3,0,2,5,20,5,0,43.370000000000005,0.7912361296575032,3.625720000000003,2.024366070116713,0,0,0,2,0,2,0,0,0
415,CHEMBL4871975,7.59176003468815,320.09047188,0.29411764705882354,2,0,2,4,21,5,0,34.14,0.7461936206301543,4.7405200000000045,2.128871471891056,0,0,0,2,0,2,0,0,0
416,CHEMBL4852721,6.803271277376713,334.106121944,0.3333333333333333,2,0,2,4,22,4,0,34.14,0.7446970893228468,4.914620000000005,2.1793572033406026,0,0,0,2,0,2,0,0,0
417,CHEMBL4856400,7.638083381331357,641.2454940040002,0.4117647058823529,6,5,6,9,43,11,0,95.83000000000001,0.0989192347683144,7.867600000000005,5.820165392956953,0,2,2,2,2,4,0,0,0
418,CHEMBL4849905,6.920818753952375,426.278347088,0.42857142857142855,4,1,5,4,32,6,0,41.05,0.5459035755576623,5.7366000000000055,2.4031828962420896,1,1,2,2,1,3,0,1,1
419,CHEMBL5089821,4.508638306165727,511.1454013879999,0.4166666666666667,9,1,5,12,36,4,0,109.52000000000002,0.6159349702581665,1.5168999999999995,5.54137696739284,0,3,3,2,0,2,0,0,0
420,CHEMBL5076804,5.200659450546418,509.1297513239999,0.4166666666666667,9,0,6,12,36,2,0,98.52000000000002,0.5665628824414981,1.8824999999999994,5.679704424221725,0,4,4,2,0,2,0,0,0
421,CHEMBL5080190,4.87942606879415,396.1441638440899,0.3181818181818182,7,1,5,7,29,4,0,70.26000000000002,0.6839694288681741,2.597200000000001,3.2832295183701605,0,2,2,2,1,3,0,0,0
422,CHEMBL5085317,4.863279432843593,397.152537456,0.45454545454545453,7,0,6,7,29,2,0,58.62000000000001,0.77221139353125,2.9545000000000012,3.6234861824858333,0,4,4,2,0,2,0,0,0
423,CHEMBL5082824,5.698970004336019,417.17516471999994,0.34782608695652173,5,1,3,7,30,10,0,62.910000000000004,0.49739125548517155,4.341400000000004,2.4746771096612683,0,0,0,2,1,3,0,0,0
424,CHEMBL5194943,7.09366495819491,460.98673085200005,0.10526315789473684,5,2,4,8,27,4,0,75.76,0.619945133130807,4.513700000000004,2.7696462155745625,0,1,1,2,1,3,0,0,0
425,CHEMBL5177448,4.455931955649724,461.9702282040001,0.2,6,3,2,9,24,6,0,83.44000000000001,0.1936876185062044,-5.593999999999994,3.5810664578361724,0,0,0,0,2,2,0,0,0
426,CHEMBL5171026,4.552841968657781,479.96080639200005,0.2,6,3,2,10,25,6,0,83.44000000000001,0.18670554216276272,-5.454899999999994,3.762082005407411,0,0,0,0,2,2,0,0,0
427,CHEMBL5173381,4.356547323513812,475.9858782680001,0.25,6,3,2,9,25,7,0,83.44000000000001,0.13729984216913255,-5.203899999999994,3.540107493352302,0,0,0,0,2,2,0,0,0
428,CHEMBL5184063,4.200659450546418,493.97645645600005,0.25,6,3,2,10,26,7,0,83.44000000000001,0.13242576358010272,-5.064799999999994,3.7168502252496145,0,0,0,0,2,2,0,0,0
429,CHEMBL595504,4.443697499232713,473.9702282040001,0.125,6,3,2,9,25,6,0,83.44000000000001,0.1436285882526714,-5.427899999999994,3.9027175966818097,0,0,0,0,2,2,0,0,0
430,CHEMBL5206644,4.167491087293763,491.96080639200005,0.125,6,3,2,10,26,6,0,83.44000000000001,0.13848711503428152,-5.288799999999994,4.052153904179381,0,0,0,0,2,2,0,0,0
431,CHEMBL3758997,5.5951662833800615,431.87788737999995,0.0,5,3,2,8,21,3,0,92.75000000000001,0.7267187552260902,3.3152000000000017,2.459035523266177,0,0,0,2,0,2,0,0,0
432,CHEMBL5196990,7.1095789811990855,355.983025376,0.07692307692307693,5,4,2,7,20,4,0,92.42,0.7836053899137541,2.414200000000001,2.0218604107760534,0,0,0,2,0,2,0,0,0
433,CHEMBL5181066,7.6777807052660805,387.92840295999997,0.0,5,3,2,8,21,3,0,92.75000000000001,0.7894294163459662,3.206100000000001,2.4321934180030187,0,0,0,2,0,2,0,0,0
434,CHEMBL5170213,7.678194516142461,312.03354095599997,0.07692307692307693,5,4,2,7,20,4,0,92.42,0.807393035715163,2.3051000000000004,1.9640136974893405,0,0,0,2,0,2,0,0,0
435,CHEMBL433041,7.0,359.2572772960001,0.6666666666666666,5,1,3,5,26,7,0,44.81,0.7441546076205052,4.114500000000003,3.3006679812462068,0,2,2,1,0,1,0,1,1
436,CHEMBL5219123,9.58335949266172,327.147058152,0.3157894736842105,5,1,3,5,24,5,0,56.790000000000006,0.9166916155947024,3.0974000000000013,2.5501706575180734,1,0,1,2,0,2,0,0,0
437,CHEMBL5220695,6.920818753952375,377.23145647200005,0.6,7,3,2,7,27,6,0,90.89999999999999,0.5223843641671622,3.3450000000000015,2.079621346453406,0,1,1,1,0,1,0,1,1
438,CHEMBL5219239,6.769551078621726,391.247106536,0.6190476190476191,7,3,2,7,28,6,0,90.9,0.5076392646799559,3.7335000000000025,2.6516464797178845,0,1,1,1,0,1,0,1,1
439,CHEMBL5218804,9.578396073130168,311.152143532,0.3157894736842105,4,1,3,4,23,4,0,47.56,0.9401471989083149,3.478900000000002,2.423278205546465,1,0,1,2,0,2,0,0,0
440,CHEMBL5219425,5.455931955649724,368.09607604000007,0.9230769230769231,4,0,2,5,18,3,0,29.540000000000003,0.4584132488309809,-1.2923999999999967,4.476639272676961,0,2,2,0,0,0,0,2,2
441,CHEMBL193996,6.0,246.136827816,0.5,4,1,4,4,18,2,0,41.57,0.8704308491340179,2.3293,3.2236524257974235,0,3,3,1,0,1,0,3,3
